village_code,county_chinese_name,township_chinese_name,village_chinese_name,village_english_name,county_id,county_code,township_id,township_code,note,township_english_name,monthly_average_income,dining_out_average_monthly_budget,dining_out_average_weekly_budget,dining_out_average_daily_budget,passerby_dining_out_weekly_budget,passerby_dining_out_daily_budget,passerby_dining_out_monthly_budget
63000080031,臺北市,文山區,樟新里,Zhangxin Vil.,A,63000,A11,63000080,,Wenshan District,105333.33333333333,16432.0,3834.1333333333337,547.7333333333333,3834.1333333333337,547.7333333333333,16432.0
63000080037,臺北市,文山區,老泉里,Laoquan Vil.,A,63000,A11,63000080,,Wenshan District,60250.0,9399.0,2193.1,313.3,2193.1,313.3,9399.0
63000080032,臺北市,文山區,樟腳里,Zhangjiao Vil.,A,63000,A11,63000080,,Wenshan District,125000.0,19500.0,4550.0,650.0,4550.0,650.0,19500.0
63000080041,臺北市,文山區,樟文里,Zhangwen Vil.,A,63000,A11,63000080,,Wenshan District,87750.0,13689.0,3194.1,456.3,4594.256776750816,656.322396678688,19689.67190036064
63000080043,臺北市,文山區,樟樹里,Zhangshu Vil.,A,63000,A11,63000080,,Wenshan District,82666.66666666667,12896.0,3009.0666666666666,429.8666666666667,4594.256776750816,656.322396678688,19689.67190036064
63000080029,臺北市,文山區,順興里,Shunxing Vil.,A,63000,A11,63000080,,Wenshan District,86250.0,13455.0,3139.5,448.5,4567.485370161317,652.4979100230454,19574.93730069136
63000080036,臺北市,文山區,指南里,Zhinan Vil.,A,63000,A11,63000080,,Wenshan District,98666.66666666667,15392.0,3591.4666666666667,513.0666666666667,3591.4666666666667,513.0666666666667,15392.0
63000080030,臺北市,文山區,樟林里,Zhanglin Vil.,A,63000,A11,63000080,,Wenshan District,88916.66666666667,13871.0,3236.5666666666666,462.3666666666667,4594.256776750816,656.322396678688,19689.67190036064
63000080038,臺北市,文山區,忠順里,Zhongshun Vil.,A,63000,A11,63000080,,Wenshan District,109083.33333333333,17017.0,3970.6333333333337,567.2333333333333,4568.507081354911,652.6438687649872,19579.316062949616
63000080023,臺北市,文山區,試院里,Shiyuan Vil.,A,63000,A11,63000080,,Wenshan District,104333.33333333333,16276.0,3797.7333333333336,542.5333333333333,4314.248084981778,616.3211549973969,18489.634649921907
63000080028,臺北市,文山區,木新里,Muxin Vil.,A,63000,A11,63000080,,Wenshan District,83666.66666666667,13052.0,3045.4666666666667,435.06666666666666,4593.210937787035,656.1729911124336,19685.189733373005
63000080025,臺北市,文山區,明義里,Mingyi Vil.,A,63000,A11,63000080,,Wenshan District,88000.0,13728.0,3203.2000000000003,457.6,4576.694244213407,653.8134634590581,19614.40390377174
63000080001,臺北市,文山區,景行里,Jingxing Vil.,A,63000,A11,63000080,,Wenshan District,92083.33333333333,14365.0,3351.8333333333335,478.8333333333333,4305.71377134212,615.1019673345885,18453.059020037657
63000080024,臺北市,文山區,華興里,Huaxing Vil.,A,63000,A11,63000080,,Wenshan District,122500.0,19110.0,4459.0,637.0,4576.002734555274,653.7146763650392,19611.440290951174
63000080026,臺北市,文山區,明興里,Mingxing Vil.,A,63000,A11,63000080,,Wenshan District,87333.33333333333,13624.0,3178.9333333333334,454.1333333333333,4569.580377412128,652.7971967731611,19583.915903194833
63000080003,臺北市,文山區,景美里,Jingmei Vil.,A,63000,A11,63000080,,Wenshan District,102250.0,15951.0,3721.9,531.7,4310.693658210409,615.8133797443442,18474.401392330325
63000080027,臺北市,文山區,木柵里,Muzha Vil.,A,63000,A11,63000080,,Wenshan District,121083.33333333333,18889.0,4407.433333333333,629.6333333333333,4557.957062532326,651.1367232189037,19534.10169656711
63000080002,臺北市,文山區,景東里,Jingdong Vil.,A,63000,A11,63000080,,Wenshan District,93750.0,14625.0,3412.5,487.5,4327.447849942762,618.2068357061089,18546.205071183267
63000080015,臺北市,文山區,興家里,Xingjia Vil.,A,63000,A11,63000080,,Wenshan District,80000.0,12480.0,2912.0,416.0,4573.123562632914,653.3033660904164,19599.10098271249
63000080040,臺北市,文山區,政大里,Zhengda Vil.,A,63000,A11,63000080,,Wenshan District,156500.0,24414.0,5696.6,813.8,4725.3206023636385,675.0458003376626,20251.37401012988
63000080004,臺北市,文山區,景慶里,Jingqing Vil.,A,63000,A11,63000080,,Wenshan District,87000.0,13572.0,3166.8,452.4,4309.673481374091,615.6676401962987,18470.02920588896
63000080006,臺北市,文山區,景華里,Jinghua Vil.,A,63000,A11,63000080,,Wenshan District,94250.0,14703.0,3430.7000000000003,490.1,4292.444663545013,613.2063805064305,18396.191415192912
63000080019,臺北市,文山區,興福里,Xingfu Vil.,A,63000,A11,63000080,,Wenshan District,88666.66666666667,13832.0,3227.4666666666667,461.06666666666666,4343.580748601581,620.5115355145116,18615.346065435348
63000080005,臺北市,文山區,景仁里,Jingren Vil.,A,63000,A11,63000080,,Wenshan District,101916.66666666667,15899.0,3709.766666666667,529.9666666666667,4293.7408497957,613.3915499708144,18401.74649912443
63000080016,臺北市,文山區,興得里,Xingde Vil.,A,63000,A11,63000080,,Wenshan District,85500.0,13338.0,3112.2000000000003,444.6,4584.189350080675,654.8841928686678,19646.525786060032
63000080018,臺北市,文山區,興安里,Xing'an Vil.,A,63000,A11,63000080,,Wenshan District,111333.33333333333,17368.0,4052.5333333333333,578.9333333333333,4485.622545622773,640.8032208032533,19224.096624097598
63000080017,臺北市,文山區,興業里,Xingye Vil.,A,63000,A11,63000080,,Wenshan District,96583.33333333333,15067.0,3515.633333333333,502.23333333333335,4554.623984968755,650.6605692812508,19519.81707843752
63000080007,臺北市,文山區,萬有里,Wanyou Vil.,A,63000,A11,63000080,,Wenshan District,103333.33333333333,16120.0,3761.3333333333335,537.3333333333334,4284.766779389627,612.1095399128038,18363.286197384117
63000080014,臺北市,文山區,興光里,Xingguang Vil.,A,63000,A11,63000080,,Wenshan District,101416.66666666667,15821.0,3691.5666666666666,527.3666666666667,4575.152898403703,653.593271200529,19607.79813601587
63000080009,臺北市,文山區,萬隆里,Wanlong Vil.,A,63000,A11,63000080,,Wenshan District,97833.33333333333,15262.0,3561.133333333333,508.73333333333335,4278.798910936151,611.2569872765929,18337.709618297788
63000080033,臺北市,文山區,萬芳里,Wanfang Vil.,A,63000,A11,63000080,,Wenshan District,92416.66666666667,14417.0,3363.9666666666667,480.56666666666666,4548.197001554989,649.7424287935698,19492.272863807095
63000080013,臺北市,文山區,興豐里,Xingfeng Vil.,A,63000,A11,63000080,,Wenshan District,105500.0,16458.0,3840.2000000000003,548.6,4329.095780125351,618.4422543036216,18553.267629108646
63000080008,臺北市,文山區,萬祥里,Wanxiang Vil.,A,63000,A11,63000080,,Wenshan District,87750.0,13689.0,3194.1,456.3,4274.9962747277195,610.7137535325313,18321.41260597594
63000080035,臺北市,文山區,萬興里,Wanxing Vil.,A,63000,A11,63000080,,Wenshan District,124833.33333333333,19474.0,4543.933333333333,649.1333333333333,4688.585781026174,669.7979687180249,20093.939061540746
63000080042,臺北市,文山區,興邦里,Xingbang Vil.,A,63000,A11,63000080,,Wenshan District,91666.66666666667,14300.0,3336.666666666667,476.6666666666667,4435.210749641383,633.6015356630547,19008.04606989164
63000080011,臺北市,文山區,萬和里,Wanhe Vil.,A,63000,A11,63000080,,Wenshan District,101666.66666666667,15860.0,3700.666666666667,528.6666666666666,4283.37389497644,611.9105564252058,18357.316692756172
63000080039,臺北市,文山區,萬美里,Wanmei Vil.,A,63000,A11,63000080,,Wenshan District,122083.33333333333,19045.0,4443.833333333333,634.8333333333334,4547.1149697256915,649.5878528179559,19487.63558453868
63000080012,臺北市,文山區,萬盛里,Wancheng Vil.,A,63000,A11,63000080,,Wenshan District,99916.66666666667,15587.0,3636.9666666666667,519.5666666666667,4304.500124556356,614.9285892223367,18447.857676670097
63000080020,臺北市,文山區,興旺里,Xingwang Vil.,A,63000,A11,63000080,,Wenshan District,87416.66666666667,13637.0,3181.9666666666667,454.56666666666666,4493.393209716497,641.9133156737853,19257.399470213557
63000080010,臺北市,文山區,萬年里,Wannian Vil.,A,63000,A11,63000080,,Wenshan District,112833.33333333333,17602.0,4107.133333333333,586.7333333333333,4288.365056347655,612.6235794782364,18378.707384347093
63000080021,臺北市,文山區,興泰里,Xingtai Vil.,A,63000,A11,63000080,,Wenshan District,91333.33333333333,14248.0,3324.5333333333333,474.93333333333334,4566.27387630941,652.3248394727729,19569.745184183186
63000080022,臺北市,文山區,興昌里,Xingchang Vil.,A,63000,A11,63000080,,Wenshan District,125333.33333333333,19552.0,4562.133333333333,651.7333333333333,4550.509875401722,650.072839343103,19502.185180293094
63000050001,臺北市,中正區,水源里,Shuiyuan Vil.,A,63000,A03,63000050,,Zhongzheng District,90083.33333333333,14053.0,3279.0333333333333,468.43333333333334,4371.474694854464,624.4963849792092,18734.891549376276
63000080034,臺北市,文山區,博嘉里,Bojia Vil.,A,63000,A11,63000080,,Wenshan District,134583.33333333334,20995.0,4898.833333333333,699.8333333333334,4437.79987884387,633.97141126341,19019.1423379023
63000050002,臺北市,中正區,富水里,Fushui Vil.,A,63000,A03,63000050,,Zhongzheng District,108500.0,16926.0,3949.4,564.2,4455.641165033081,636.5201664332973,19095.604992998917
63000050003,臺北市,中正區,文盛里,Wencheng Vil.,A,63000,A03,63000050,,Zhongzheng District,119666.66666666667,18668.0,4355.866666666667,622.2666666666667,4494.202124354975,642.0288749078536,19260.866247235608
63000020041,臺北市,信義區,黎安里,Li'an Vil.,A,63000,A17,63000020,,Xinyi District,66333.33333333333,10348.0,2414.5333333333333,344.93333333333334,4476.841115412442,639.5487307732061,19186.46192319618
63000030046,臺北市,大安區,黎元里,Liyuan Vil.,A,63000,A02,63000030,,Da'an District,73666.66666666667,11492.0,2681.4666666666667,383.06666666666666,4523.681320475661,646.2401886393801,19387.205659181403
63000030048,臺北市,大安區,黎和里,Lihe Vil.,A,63000,A02,63000030,,Da'an District,91416.66666666667,14261.0,3327.5666666666666,475.3666666666667,4490.422271110728,641.488895872961,19244.666876188832
63000050004,臺北市,中正區,林興里,Linxing Vil.,A,63000,A03,63000050,,Zhongzheng District,107916.66666666667,16835.0,3928.166666666667,561.1666666666666,4513.799488577039,644.8284983681484,19344.85495104445
63000070029,臺北市,萬華區,榮德里,Rongde Vil.,A,63000,A05,63000070,,Wanhua District,65833.33333333333,10270.0,2396.3333333333335,342.3333333333333,2396.3333333333335,342.3333333333333,10270.0
63000070032,臺北市,萬華區,華中里,Huazhong Vil.,A,63000,A05,63000070,,Wanhua District,69000.0,10764.0,2511.6,358.8,2511.6,358.8,10764.0
63000070031,臺北市,萬華區,興德里,Xingde Vil.,A,63000,A05,63000070,,Wanhua District,67083.33333333333,10465.0,2441.8333333333335,348.8333333333333,2441.8333333333335,348.8333333333333,10465.0
63000070033,臺北市,萬華區,日祥里,Rixiang Vil.,A,63000,A05,63000070,,Wanhua District,76083.33333333333,11869.0,2769.4333333333334,395.6333333333333,4547.688610967189,649.6698015667413,19490.094047002236
63000030043,臺北市,大安區,大學里,Daxue Vil.,A,63000,A02,63000030,,Da'an District,130583.33333333333,20371.0,4753.233333333334,679.0333333333333,4537.07988452001,648.1542692171442,19444.628076514327
63000030057,臺北市,大安區,學府里,Xuefu Vil.,A,63000,A02,63000030,,Da'an District,101333.33333333333,15808.0,3688.5333333333333,526.9333333333333,4414.776917149415,630.6824167356307,18920.47250206892
63000030047,臺北市,大安區,黎孝里,Lixiao Vil.,A,63000,A02,63000030,,Da'an District,88583.33333333333,13819.0,3224.4333333333334,460.6333333333333,4528.025506815601,646.860786687943,19405.82360063829
63000070028,臺北市,萬華區,銘德里,Mingde Vil.,A,63000,A05,63000070,,Wanhua District,70083.33333333333,10933.0,2551.0333333333333,364.43333333333334,2551.0333333333333,364.43333333333334,10933.0
63000020040,臺北市,信義區,黎忠里,Lizhong Vil.,A,63000,A17,63000020,,Xinyi District,82500.0,12870.0,3003.0,429.0,4550.984516503894,650.140645214842,19504.21935644526
63000030013,臺北市,大安區,古風里,Gufeng Vil.,A,63000,A02,63000030,,Da'an District,131583.33333333334,20527.0,4789.633333333333,684.2333333333333,4557.034788564769,651.004969794967,19530.14909384901
63000050007,臺北市,中正區,網溪里,Wangxi Vil.,A,63000,A03,63000050,,Zhongzheng District,97416.66666666667,15197.0,3545.9666666666667,506.56666666666666,4570.075409378671,652.8679156255245,19586.03746876573
63000020033,臺北市,信義區,泰和里,Taihe Vil.,A,63000,A17,63000020,,Xinyi District,83500.0,13026.0,3039.4,434.2,4562.203120794336,651.7433029706195,19552.299089118584
63000050005,臺北市,中正區,河堤里,Heti Vil.,A,63000,A03,63000050,,Zhongzheng District,102500.0,15990.0,3731.0,533.0,4561.172190605499,651.596027229357,19547.880816880708
63000070027,臺北市,萬華區,保德里,Baode Vil.,A,63000,A05,63000070,,Wanhua District,95833.33333333333,14950.0,3488.3333333333335,498.3333333333333,4585.946491313434,655.1352130447764,19654.05639134329
63000030044,臺北市,大安區,芳和里,Fanghe Vil.,A,63000,A02,63000030,,Da'an District,97666.66666666667,15236.0,3555.0666666666666,507.8666666666667,4561.450426280439,651.6357751829199,19549.073255487598
63000020039,臺北市,信義區,黎平里,Liping Vil.,A,63000,A17,63000020,,Xinyi District,89916.66666666667,14027.0,3272.9666666666667,467.56666666666666,4591.682013974773,655.9545734249676,19678.63720274903
63000070023,臺北市,萬華區,孝德里,Xiaode Vil.,A,63000,A05,63000070,,Wanhua District,65416.666666666664,10205.0,2381.1666666666665,340.1666666666667,4597.994721427964,656.8563887754234,19705.6916632627
63000030038,臺北市,大安區,虎嘯里,Huxiao Vil.,A,63000,A02,63000030,,Da'an District,144166.66666666666,22490.0,5247.666666666667,749.6666666666666,4585.400815545161,655.0572593635944,19651.71778090783
63000030039,臺北市,大安區,臥龍里,Wolong Vil.,A,63000,A02,63000030,,Da'an District,122000.0,19032.0,4440.8,634.4,4575.670018659372,653.6671455227673,19610.014365683022
63000070030,臺北市,萬華區,壽德里,Shoude Vil.,A,63000,A05,63000070,,Wanhua District,78750.0,12285.0,2866.5,409.5,4569.517392103666,652.7881988719522,19583.64596615857
63000030040,臺北市,大安區,龍淵里,Longyuan Vil.,A,63000,A02,63000030,,Da'an District,127750.0,19929.0,4650.1,664.3,4596.334397410088,656.6191996300125,19698.57598890038
63000070034,臺北市,萬華區,忠貞里,Zhongzhen Vil.,A,63000,A05,63000070,,Wanhua District,65666.66666666667,10244.0,2390.266666666667,341.46666666666664,4559.6643921029745,651.380627443282,19541.41882329846
63000050006,臺北市,中正區,頂東里,Dingdong Vil.,A,63000,A03,63000050,,Zhongzheng District,104833.33333333333,16354.0,3815.9333333333334,545.1333333333333,4578.565290530767,654.0807557901096,19622.422673703288
63000070036,臺北市,萬華區,騰雲里,Tengyun Vil.,A,63000,A05,63000070,,Wanhua District,84166.66666666667,13130.0,3063.666666666667,437.6666666666667,4552.59615596212,650.37087942316,19511.126382694798
63000070026,臺北市,萬華區,全德里,Quande Vil.,A,63000,A05,63000070,,Wanhua District,82333.33333333333,12844.0,2996.9333333333334,428.1333333333333,4579.472716520301,654.2103880743288,19626.311642229863
63000030011,臺北市,大安區,龍坡里,Longpo Vil.,A,63000,A02,63000030,,Da'an District,136333.33333333334,21268.0,4962.533333333334,708.9333333333333,4625.325868415757,660.7608383451081,19822.825150353245
63000030012,臺北市,大安區,龍泉里,Longquan Vil.,A,63000,A02,63000030,,Da'an District,122333.33333333333,19084.0,4452.933333333333,636.1333333333333,4618.554900584809,659.7935572264013,19793.806716792038
63000070035,臺北市,萬華區,凌霄里,Lingxiao Vil.,A,63000,A05,63000070,,Wanhua District,65500.0,10218.0,2384.2000000000003,340.6,4548.065080077283,649.7235828681833,19491.707486045496
63000070025,臺北市,萬華區,錦德里,Jinde Vil.,A,63000,A05,63000070,,Wanhua District,64916.666666666664,10127.0,2362.9666666666667,337.56666666666666,4597.994721427964,656.8563887754234,19705.6916632627
63000020029,臺北市,信義區,惠安里,Hui'an Vil.,A,63000,A17,63000020,,Xinyi District,83916.66666666667,13091.0,3054.5666666666666,436.3666666666667,4625.053430658928,660.7219186655611,19821.657559966832
63000030014,臺北市,大安區,古莊里,Guzhuang Vil.,A,63000,A02,63000030,,Da'an District,116250.0,18135.0,4231.5,604.5,4602.678831267677,657.5255473239539,19725.766419718617
63000020032,臺北市,信義區,六合里,Liuhe Vil.,A,63000,A17,63000020,,Xinyi District,167833.33333333334,26182.0,6109.133333333333,872.7333333333333,4677.762168204541,668.2517383149344,20047.55214944803
63000050008,臺北市,中正區,板溪里,Banxi Vil.,A,63000,A03,63000050,,Zhongzheng District,95666.66666666667,14924.0,3482.266666666667,497.46666666666664,4596.564953542194,656.6521362203135,19699.564086609404
63000050009,臺北市,中正區,螢圃里,Yingpu Vil.,A,63000,A03,63000050,,Zhongzheng District,91833.33333333333,14326.0,3342.7333333333336,477.53333333333336,4586.637247366078,655.2338924808682,19657.016774426047
63000050010,臺北市,中正區,螢雪里,Yingxue Vil.,A,63000,A03,63000050,,Zhongzheng District,81583.33333333333,12727.0,2969.633333333333,424.23333333333335,4574.910686942507,653.5586695632153,19606.76008689646
63000020038,臺北市,信義區,黎順里,Lishun Vil.,A,63000,A17,63000020,,Xinyi District,92083.33333333333,14365.0,3351.8333333333335,478.8333333333333,4617.278884045938,659.6112691494197,19788.33807448259
63000020036,臺北市,信義區,雙和里,Shuanghe Vil.,A,63000,A17,63000020,,Xinyi District,89833.33333333333,14014.0,3269.9333333333334,467.1333333333333,4639.744608375438,662.8206583393483,19884.619750180445
63000070022,臺北市,萬華區,忠德里,Zhongde Vil.,A,63000,A05,63000070,,Wanhua District,70833.33333333333,11050.0,2578.3333333333335,368.3333333333333,4593.135430350572,656.162204335796,19684.866130073882
63000030037,臺北市,大安區,群英里,Qunying Vil.,A,63000,A02,63000030,,Da'an District,106750.0,16653.0,3885.7000000000003,555.1,4614.486997200753,659.2124281715361,19776.37284514608
63000030036,臺北市,大安區,群賢里,Qunxian Vil.,A,63000,A02,63000030,,Da'an District,140083.33333333334,21853.0,5099.033333333334,728.4333333333333,4610.944934186967,658.7064191695666,19761.192575087
63000030034,臺北市,大安區,法治里,Fazhi Vil.,A,63000,A02,63000030,,Da'an District,113666.66666666667,17732.0,4137.466666666667,591.0666666666667,4621.019758210178,660.1456797443112,19804.370392329336
63000030028,臺北市,大安區,龍生里,Longsheng Vil.,A,63000,A02,63000030,,Da'an District,137583.33333333334,21463.0,5008.033333333334,715.4333333333333,4641.208184645788,663.0297406636839,19890.892219910518
63000070024,臺北市,萬華區,和德里,Hede Vil.,A,63000,A05,63000070,,Wanhua District,64166.666666666664,10010.0,2335.6666666666665,333.6666666666667,4597.994721427964,656.8563887754234,19705.6916632627
63000050012,臺北市,中正區,永昌里,Yongchang Vil.,A,63000,A03,63000050,,Zhongzheng District,70583.33333333333,11011.0,2569.2333333333336,367.03333333333336,4547.118760739514,649.5883943913592,19487.651831740775
63000050011,臺北市,中正區,永功里,Yonggong Vil.,A,63000,A03,63000050,,Zhongzheng District,90250.0,14079.0,3285.1,469.3,4559.430149758187,651.3471642511696,19540.414927535086
63000030035,臺北市,大安區,全安里,Quan'an Vil.,A,63000,A02,63000030,,Da'an District,227333.33333333334,35464.0,8274.933333333334,1182.1333333333334,4610.620784655519,658.6601120936456,19759.803362809365
63000070014,臺北市,萬華區,新和里,Xinhe Vil.,A,63000,A05,63000070,,Wanhua District,76416.66666666667,11921.0,2781.5666666666666,397.3666666666667,4547.368023779703,649.6240033971005,19488.720101913015
63000070020,臺北市,萬華區,日善里,Rishan Vil.,A,63000,A05,63000070,,Wanhua District,69833.33333333333,10894.0,2541.9333333333334,363.1333333333333,4581.174760752569,654.4535372503669,19633.606117511008
63000070021,臺北市,萬華區,新安里,Xin'an Vil.,A,63000,A05,63000070,,Wanhua District,66583.33333333333,10387.0,2423.633333333333,346.23333333333335,4563.387883682504,651.9125548117863,19557.37664435359
63000030021,臺北市,大安區,錦華里,Jinhua Vil.,A,63000,A02,63000030,,Da'an District,155250.0,24219.0,5651.1,807.3,4633.427297940109,661.9181854200157,19857.54556260047
63000020035,臺北市,信義區,景勤里,Jingqin Vil.,A,63000,A17,63000020,,Xinyi District,83166.66666666667,12974.0,3027.266666666667,432.46666666666664,4662.8109853241895,666.1158550463127,19983.475651389384
63000070013,臺北市,萬華區,新忠里,Xinzhong Vil.,A,63000,A05,63000070,,Wanhua District,74250.0,11583.0,2702.7000000000003,386.1,4552.375201909507,650.3393145585011,19510.179436755032
63000020037,臺北市,信義區,嘉興里,Jiaxing Vil.,A,63000,A17,63000020,,Xinyi District,88083.33333333333,13741.0,3206.2333333333336,458.03333333333336,4645.735742819797,663.6765346885425,19910.296040656274
63000030016,臺北市,大安區,錦安里,Jin'an Vil.,A,63000,A02,63000030,,Da'an District,174000.0,27144.0,6333.6,904.8,4662.608847481568,666.0869782116525,19982.609346349574
63000030033,臺北市,大安區,臨江里,Linjiang Vil.,A,63000,A02,63000030,,Da'an District,81750.0,12753.0,2975.7000000000003,425.1,4634.216944114808,662.0309920164011,19860.929760492032
63000030026,臺北市,大安區,龍陣里,Longzhen Vil.,A,63000,A02,63000030,,Da'an District,168000.0,26208.0,6115.2,873.6,4630.5927757591,661.5132536798714,19845.397610396143
63000050014,臺北市,中正區,忠勤里,Zhongqin Vil.,A,63000,A03,63000050,,Zhongzheng District,59416.666666666664,9269.0,2162.766666666667,308.96666666666664,4539.881461100782,648.5544944429688,19456.634833289067
63000030015,臺北市,大安區,龍安里,Long'an Vil.,A,63000,A02,63000030,,Da'an District,194000.0,30264.0,7061.6,1008.8,4674.709315212689,667.8156164589556,20034.468493768665
63000050013,臺北市,中正區,龍興里,Longxing Vil.,A,63000,A03,63000050,,Zhongzheng District,95500.0,14898.0,3476.2000000000003,496.6,4541.325410375382,648.7607729107688,19462.82318732306
63000030027,臺北市,大安區,龍雲里,Longyun Vil.,A,63000,A02,63000030,,Da'an District,186000.0,29016.0,6770.400000000001,967.2,4611.889380259096,658.8413400370137,19765.24020111041
63000030023,臺北市,大安區,新龍里,Xinlong Vil.,A,63000,A02,63000030,,Da'an District,118416.66666666667,18473.0,4310.366666666667,615.7666666666667,4647.792916161503,663.9704165945004,19919.112497835013
63000050019,臺北市,中正區,南福里,Nanfu Vil.,A,63000,A03,63000050,,Zhongzheng District,134583.33333333334,20995.0,4898.833333333333,699.8333333333334,4600.636505498002,657.2337864997146,19717.013594991437
63000050018,臺北市,中正區,龍光里,Longguang Vil.,A,63000,A03,63000050,,Zhongzheng District,117666.66666666667,18356.0,4283.066666666667,611.8666666666667,4555.335937044763,650.7622767206805,19522.868301620412
63000030020,臺北市,大安區,錦泰里,Jintai Vil.,A,63000,A02,63000030,,Da'an District,189083.33333333334,29497.0,6882.633333333333,983.2333333333333,4654.8316563744065,664.9759509106295,19949.278527318886
63000070016,臺北市,萬華區,和平里,Heping Vil.,A,63000,A05,63000070,,Wanhua District,63416.666666666664,9893.0,2308.366666666667,329.76666666666665,4594.376036369248,656.3394337670354,19690.18301301106
63000070012,臺北市,萬華區,雙園里,Shuangyuan Vil.,A,63000,A05,63000070,,Wanhua District,83166.66666666667,12974.0,3027.266666666667,432.46666666666664,4579.579099230214,654.2255856043163,19626.767568129486
63000020030,臺北市,信義區,三張里,Sanzhang Vil.,A,63000,A17,63000020,,Xinyi District,119666.66666666667,18668.0,4355.866666666667,622.2666666666667,4656.512711731537,665.2161016759338,19956.483050278013
63000020028,臺北市,信義區,景新里,Jingxin Vil.,A,63000,A17,63000020,,Xinyi District,270500.0,42198.0,9846.2,1406.6,4640.477149122678,662.9253070175255,19887.759210525765
63000020034,臺北市,信義區,景聯里,Jinglian Vil.,A,63000,A17,63000020,,Xinyi District,95833.33333333333,14950.0,3488.3333333333335,498.3333333333333,4646.027234676084,663.7181763822977,19911.54529146893
63000030031,臺北市,大安區,通化里,Tonghua Vil.,A,63000,A02,63000030,,Da'an District,115333.33333333333,17992.0,4198.133333333333,599.7333333333333,4609.428586969253,658.4897981384647,19754.69394415394
63000030032,臺北市,大安區,通安里,Tong'an Vil.,A,63000,A02,63000030,,Da'an District,107416.66666666667,16757.0,3909.9666666666667,558.5666666666667,4611.97345364321,658.8533505204585,19765.600515613754
63000030030,臺北市,大安區,義安里,Yi'an Vil.,A,63000,A02,63000030,,Da'an District,224500.0,35022.0,8171.8,1167.4,4602.437772702431,657.4911103860616,19724.733311581847
63000050015,臺北市,中正區,廈安里,Xia'an Vil.,A,63000,A03,63000050,,Zhongzheng District,105833.33333333333,16510.0,3852.3333333333335,550.3333333333334,4537.942797058348,648.2775424369069,19448.326273107206
63000030029,臺北市,大安區,住安里,Zhu'an Vil.,A,63000,A02,63000030,,Da'an District,133666.66666666666,20852.0,4865.466666666667,695.0666666666667,4585.038901754981,655.0055573935688,19650.16672180706
63000030022,臺北市,大安區,龍圖里,Longtu Vil.,A,63000,A02,63000030,,Da'an District,141416.66666666666,22061.0,5147.566666666667,735.3666666666667,4613.929028880547,659.1327184115067,19773.9815523452
63000030041,臺北市,大安區,龍門里,Longmen Vil.,A,63000,A02,63000030,,Da'an District,174333.33333333334,27196.0,6345.733333333334,906.5333333333333,4679.260420381785,668.4657743402549,20053.973230207648
63000020031,臺北市,信義區,三犁里,Sanli Vil.,A,63000,A17,63000020,,Xinyi District,226166.66666666666,35282.0,8232.466666666667,1176.0666666666666,4637.947682435577,662.5639546336539,19876.918639009615
63000070017,臺北市,萬華區,綠堤里,Lvti Vil.,A,63000,A05,63000070,,Wanhua District,55583.333333333336,8671.0,2023.2333333333333,289.03333333333336,4597.994721427964,656.8563887754234,19705.6916632627
63000030017,臺北市,大安區,福住里,Fuzhu Vil.,A,63000,A02,63000030,,Da'an District,220083.33333333334,34333.0,8011.033333333334,1144.4333333333334,4674.438320359709,667.7769029085299,20033.307087255896
63000070011,臺北市,萬華區,頂碩里,Dingshuo Vil.,A,63000,A05,63000070,,Wanhua District,74000.0,11544.0,2693.6,384.8,4554.235521907371,650.6050745581958,19518.152236745875
63000030018,臺北市,大安區,永康里,Yongkang Vil.,A,63000,A02,63000030,,Da'an District,129083.33333333333,20137.0,4698.633333333333,671.2333333333333,4682.745212668975,668.9636018098536,20068.908054295607
63000020004,臺北市,信義區,中興里,Zhongxing Vil.,A,63000,A17,63000020,,Xinyi District,104750.0,16341.0,3812.9,544.7,4587.7029484912,655.3861354987429,19661.584064962284
63000050021,臺北市,中正區,新營里,Xinying Vil.,A,63000,A03,63000050,,Zhongzheng District,138916.66666666666,21671.0,5056.566666666667,722.3666666666667,4616.071005028819,659.438715004117,19783.16145012351
63000050020,臺北市,中正區,龍福里,Longfu Vil.,A,63000,A03,63000050,,Zhongzheng District,112083.33333333333,17485.0,4079.8333333333335,582.8333333333334,4565.991858563628,652.2845512233754,19568.53653670126
63000070018,臺北市,萬華區,華江里,Huajiang Vil.,A,63000,A05,63000070,,Wanhua District,65166.666666666664,10166.0,2372.0666666666666,338.8666666666667,4597.994721427964,656.8563887754234,19705.6916632627
63000070015,臺北市,萬華區,糖廍里,Tangbu  Vil.,A,63000,A05,63000070,,Wanhua District,0.0,0.0,0.0,0.0,4591.368741284014,655.9098201834305,19677.294605502913
63000030019,臺北市,大安區,光明里,Guangming Vil.,A,63000,A02,63000030,,Da'an District,188250.0,29367.0,6852.3,978.9,4653.697885506323,664.8139836437604,19944.41950931281
63000020022,臺北市,信義區,松友里,Songyou Vil.,A,63000,A17,63000020,,Xinyi District,86416.66666666667,13481.0,3145.5666666666666,449.3666666666667,4544.555395840456,649.2221994057794,19476.665982173385
63000070010,臺北市,萬華區,富福里,Fufu Vil.,A,63000,A05,63000070,,Wanhua District,87916.66666666667,13715.0,3200.166666666667,457.1666666666667,4555.56361590767,650.7948022725243,19523.844068175727
63000050017,臺北市,中正區,南門里,Nanmen Vil.,A,63000,A03,63000050,,Zhongzheng District,152083.33333333334,23725.0,5535.833333333334,790.8333333333334,4528.98607148804,646.9980102125771,19409.940306377313
63000050016,臺北市,中正區,愛國里,Aiguo Vil.,A,63000,A03,63000050,,Zhongzheng District,104500.0,16302.0,3803.8,543.4,4529.113257734908,647.0161796764154,19410.485390292462
63000020021,臺北市,信義區,松隆里,Songlong Vil.,A,63000,A17,63000020,,Xinyi District,69083.33333333333,10777.0,2514.633333333333,359.23333333333335,4586.201553656372,655.1716505223388,19655.149515670168
63000020002,臺北市,信義區,正和里,Zhenghe Vil.,A,63000,A17,63000020,,Xinyi District,133083.33333333334,20761.0,4844.233333333334,692.0333333333333,4443.5556305241025,634.7936615034432,19043.809845103297
63000030056,臺北市,大安區,光信里,Guangxin Vil.,A,63000,A02,63000030,,Da'an District,142916.66666666666,22295.0,5202.166666666667,743.1666666666666,4474.4213666287915,639.2030523755417,19176.09157126625
63000030053,臺北市,大安區,敦煌里,Dunhuang Vil.,A,63000,A02,63000030,,Da'an District,155666.66666666666,24284.0,5666.266666666666,809.4666666666667,4488.300925355812,641.1858464794017,19235.575394382053
63000050030,臺北市,中正區,文祥里,Wenxiang Vil.,A,63000,A03,63000050,,Zhongzheng District,142500.0,22230.0,5187.0,741.0,4614.470188654193,659.2100269505991,19776.30080851797
63000030051,臺北市,大安區,敦安里,Dun'an Vil.,A,63000,A02,63000030,,Da'an District,195750.0,30537.0,7125.3,1017.9,4490.5788959940355,641.5112708562908,19245.338125688722
63000030001,臺北市,大安區,德安里,De'an Vil.,A,63000,A02,63000030,,Da'an District,155583.33333333334,24271.0,5663.233333333334,809.0333333333333,4493.8775355203,641.9825050743285,19259.475152229854
63000030002,臺北市,大安區,仁慈里,Renci Vil.,A,63000,A02,63000030,,Da'an District,177500.0,27690.0,6461.0,923.0,4506.551084965523,643.7930121379319,19313.790364137956
63000030003,臺北市,大安區,和安里,He'an Vil.,A,63000,A02,63000030,,Da'an District,331666.6666666667,51740.0,12072.666666666668,1724.6666666666667,4531.735989945197,647.3908557064567,19421.7256711937
63000030004,臺北市,大安區,民炤里,Minzhao Vil.,A,63000,A02,63000030,,Da'an District,227083.33333333334,35425.0,8265.833333333334,1180.8333333333333,4561.788121571236,651.6840173673194,19550.52052101958
63000050031,臺北市,中正區,三愛里,San'ai Vil.,A,63000,A03,63000050,,Zhongzheng District,170083.33333333334,26533.0,6191.033333333334,884.4333333333333,4602.144608742314,657.4492298203305,19723.476894609914
63000090018,臺北市,南港區,九如里,Jiuru Vil.,A,63000,A13,63000090,,Nangang District,75500.0,11778.0,2748.2000000000003,392.6,2748.2000000000003,392.6,11778.0
63000020001,臺北市,信義區,西村里,Xicun Vil.,A,63000,A17,63000020,,Xinyi District,89083.33333333333,13897.0,3242.633333333333,463.23333333333335,4475.340104937551,639.3343007053644,19180.02902116093
63000020009,臺北市,信義區,安康里,Ankang Vil.,A,63000,A17,63000020,,Xinyi District,346166.6666666667,54002.0,12600.466666666667,1800.0666666666666,4422.42007730132,631.7742967573314,18953.22890271994
63000070009,臺北市,萬華區,仁德里,Rende Vil.,A,63000,A05,63000070,,Wanhua District,96250.0,15015.0,3503.5,500.5,4527.817595107665,646.8310850153806,19404.93255046142
63000020020,臺北市,信義區,國業里,Guoye Vil.,A,63000,A17,63000020,,Xinyi District,103916.66666666667,16211.0,3782.5666666666666,540.3666666666667,4347.267139777234,621.0381628253191,18631.14488475957
63000070008,臺北市,萬華區,福音里,Fuyin Vil.,A,63000,A05,63000070,,Wanhua District,118916.66666666667,18551.0,4328.566666666667,618.3666666666667,4552.411162582821,650.3444517975458,19510.333553926375
63000070007,臺北市,萬華區,富民里,Fumin Vil.,A,63000,A05,63000070,,Wanhua District,70250.0,10959.0,2557.1,365.3,4568.563920817484,652.6519886882121,19579.559660646362
63000020027,臺北市,信義區,大仁里,Daren Vil.,A,63000,A17,63000020,,Xinyi District,73666.66666666667,11492.0,2681.4666666666667,383.06666666666666,4272.91640191392,610.4166288448457,18312.49886534537
63000020024,臺北市,信義區,中坡里,Zhongpo Vil.,A,63000,A17,63000020,,Xinyi District,81666.66666666667,12740.0,2972.666666666667,424.6666666666667,4534.429025934161,647.7755751334515,19433.267254003546
63000020008,臺北市,信義區,廣居里,Guangju Vil.,A,63000,A17,63000020,,Xinyi District,108833.33333333333,16978.0,3961.5333333333333,565.9333333333333,4301.2938572301655,614.4705510328807,18434.116530986423
63000020003,臺北市,信義區,興隆里,Xinglong Vil.,A,63000,A17,63000020,,Xinyi District,756916.6666666666,118079.0,27551.766666666666,3935.9666666666667,4347.4420611062305,621.0631515866044,18631.89454759813
63000030052,臺北市,大安區,正聲里,Zhengsheng Vil.,A,63000,A02,63000030,,Da'an District,178166.66666666666,27794.0,6485.266666666666,926.4666666666667,4318.053068905198,616.864724129314,18505.94172387942
63000090019,臺北市,南港區,仁福里,Renfu Vil.,A,63000,A13,63000090,,Nangang District,83083.33333333333,12961.0,3024.2333333333336,432.03333333333336,4197.76798234984,599.6811403356915,17990.434210070744
63000050029,臺北市,中正區,文北里,Wenbei Vil.,A,63000,A03,63000050,,Zhongzheng District,222666.66666666666,34736.0,8105.066666666667,1157.8666666666666,4514.080645288434,644.8686636126334,19346.059908379004
63000030050,臺北市,大安區,建倫里,Jianlun Vil.,A,63000,A02,63000030,,Da'an District,239166.66666666666,37310.0,8705.666666666666,1243.6666666666667,4321.8694600481285,617.4099228640183,18522.297685920552
63000030005,臺北市,大安區,仁愛里,Ren'ai Vil.,A,63000,A02,63000030,,Da'an District,257500.0,40170.0,9373.0,1339.0,4360.941966508775,622.9917095012536,18689.751285037608
63000030006,臺北市,大安區,義村里,Yi Vil.,A,63000,A02,63000030,,Da'an District,167166.66666666666,26078.0,6084.866666666667,869.2666666666667,4403.452531259485,629.0646473227836,18871.939419683506
63000090014,臺北市,南港區,百福里,Baifu Vil.,A,63000,A13,63000090,,Nangang District,74166.66666666667,11570.0,2699.666666666667,385.6666666666667,4155.23598491873,593.6051407026756,17808.15422108027
63000020025,臺北市,信義區,中行里,Zhongxing Vil.,A,63000,A17,63000020,,Xinyi District,76750.0,11973.0,2793.7000000000003,399.1,4233.69910803729,604.8141582910414,18144.424748731242
63000070004,臺北市,萬華區,新起里,Xinqi Vil.,A,63000,A05,63000070,,Wanhua District,94416.66666666667,14729.0,3436.766666666667,490.96666666666664,4517.951600889199,645.4216572698855,19362.649718096567
63000050022,臺北市,中正區,建國里,Jianguo Vil.,A,63000,A03,63000050,,Zhongzheng District,136666.66666666666,21320.0,4974.666666666667,710.6666666666666,4503.9606759183725,643.4229537026247,19302.688611078738
63000070019,臺北市,萬華區,柳鄉里,Liuxiang Vil.,A,63000,A05,63000070,,Wanhua District,61833.333333333336,9646.0,2250.7333333333336,321.53333333333336,4597.994721427964,656.8563887754234,19705.6916632627
63000070006,臺北市,萬華區,青山里,Qingshan Vil.,A,63000,A05,63000070,,Wanhua District,72250.0,11271.0,2629.9,375.7,4590.478525451392,655.782646493056,19673.479394791677
63000020019,臺北市,信義區,富台里,Futai Vil.,A,63000,A17,63000020,,Xinyi District,99166.66666666667,15470.0,3609.666666666667,515.6666666666666,4279.559119834566,611.3655885477953,18340.967656433855
63000050027,臺北市,中正區,幸市里,Xingshi Vil.,A,63000,A03,63000050,,Zhongzheng District,232916.66666666666,36335.0,8478.166666666666,1211.1666666666667,4438.9206732778,634.1315247539715,19023.945742619144
63000020023,臺北市,信義區,松光里,Songguang Vil.,A,63000,A17,63000020,,Xinyi District,89000.0,13884.0,3239.6,462.8,4272.224476116245,610.3177823023207,18309.533469069618
63000050028,臺北市,中正區,東門里,Dongmen Vil.,A,63000,A03,63000050,,Zhongzheng District,452583.3333333333,70603.0,16474.033333333333,2353.4333333333334,4562.587335659561,651.7981908085087,19553.94572425526
63000020015,臺北市,信義區,長春里,Changchun Vil.,A,63000,A17,63000020,,Xinyi District,73000.0,11388.0,2657.2000000000003,379.6,4268.873778524061,609.839111217723,18295.17333653169
63000090016,臺北市,南港區,舊莊里,Jiuzhuang Vil.,A,63000,A13,63000090,,Nangang District,70583.33333333333,11011.0,2569.2333333333336,367.03333333333336,2569.2333333333336,367.03333333333336,11011.0
63000020006,臺北市,信義區,興雅里,Xingya Vil.,A,63000,A17,63000020,,Xinyi District,93083.33333333333,14521.0,3388.2333333333336,484.03333333333336,4314.935083486066,616.4192976408666,18492.578929225998
63000070003,臺北市,萬華區,西門里,Ximen Vil.,A,63000,A05,63000070,,Wanhua District,85083.33333333333,13273.0,3097.0333333333333,442.43333333333334,4505.317297781409,643.6167568259156,19308.502704777467
63000020026,臺北市,信義區,大道里,Dadao Vil.,A,63000,A17,63000020,,Xinyi District,86750.0,13533.0,3157.7000000000003,451.1,4220.972126750941,602.9960181072773,18089.880543218318
63000030055,臺北市,大安區,車層里,Checeng Vil.,A,63000,A02,63000030,,Da'an District,175416.66666666666,27365.0,6385.166666666667,912.1666666666666,4287.832068433239,612.5474383476056,18376.423150428167
63000030008,臺北市,大安區,昌隆里,Changlong Vil.,A,63000,A02,63000030,,Da'an District,119750.0,18681.0,4358.900000000001,622.7,4337.453539146207,619.6362198780296,18589.086596340887
63000030009,臺北市,大安區,誠安里,Cheng'an Vil.,A,63000,A02,63000030,,Da'an District,105833.33333333333,16510.0,3852.3333333333335,550.3333333333334,4321.874498060594,617.4106425800849,18522.319277402545
63000070005,臺北市,萬華區,菜園里,Caiyuan Vil.,A,63000,A05,63000070,,Wanhua District,75166.66666666667,11726.0,2736.0666666666666,390.8666666666667,4555.652058133851,650.8074368762644,19524.223106287933
63000030049,臺北市,大安區,建安里,Jian'an Vil.,A,63000,A02,63000030,,Da'an District,150833.33333333334,23530.0,5490.333333333334,784.3333333333334,4243.825402633671,606.2607718048101,18187.823154144302
63000030010,臺北市,大安區,光武里,Guangwu Vil.,A,63000,A02,63000030,,Da'an District,126916.66666666667,19799.0,4619.766666666666,659.9666666666667,4293.247054573038,613.3210077961484,18399.63023388445
63000030054,臺北市,大安區,華聲里,Huasheng Vil.,A,63000,A02,63000030,,Da'an District,181083.33333333334,28249.0,6591.433333333333,941.6333333333333,4231.733848986479,604.5334069980684,18136.00220994205
63000030007,臺北市,大安區,民輝里,Minhui Vil.,A,63000,A02,63000030,,Da'an District,358916.6666666667,55991.0,13064.566666666668,1866.3666666666666,4381.836273138498,625.9766104483568,18779.298313450705
63000020018,臺北市,信義區,永春里,Yongchun Vil.,A,63000,A17,63000020,,Xinyi District,76000.0,11856.0,2766.4,395.2,4249.79932033784,607.1141886196914,18213.425658590742
63000050026,臺北市,中正區,幸福里,Xingfu Vil.,A,63000,A03,63000050,,Zhongzheng District,132750.0,20709.0,4832.1,690.3,4442.683424693882,634.6690606705546,19040.07182011664
63000090013,臺北市,南港區,鴻福里,Hongfu Vil.,A,63000,A13,63000090,,Nangang District,88333.33333333333,13780.0,3215.3333333333335,459.3333333333333,4190.917413960916,598.7024877087023,17961.074631261068
63000020017,臺北市,信義區,四維里,Siwei Vil.,A,63000,A17,63000020,,Xinyi District,92500.0,14430.0,3367.0,481.0,4265.872911467149,609.4104159238784,18282.31247771635
63000020013,臺北市,信義區,五全里,Wuquan Vil.,A,63000,A17,63000020,,Xinyi District,92166.66666666667,14378.0,3354.866666666667,479.26666666666665,4270.9139088550455,610.1305584078636,18303.91675223591
63000020010,臺北市,信義區,六藝里,Liuyi Vil.,A,63000,A17,63000020,,Xinyi District,80500.0,12558.0,2930.2000000000003,418.6,4274.784143687396,610.6834490981994,18320.50347294598
63000020007,臺北市,信義區,敦厚里,Dunhou Vil.,A,63000,A17,63000020,,Xinyi District,95833.33333333333,14950.0,3488.3333333333335,498.3333333333333,4275.339520480328,610.7627886400469,18322.883659201405
63000070002,臺北市,萬華區,萬壽里,Wanshou Vil.,A,63000,A05,63000070,,Wanhua District,88166.66666666667,13754.0,3209.266666666667,458.46666666666664,4486.208939238626,640.8869913198038,19226.60973959411
63000090011,臺北市,南港區,成福里,Chengfu Vil.,A,63000,A13,63000090,,Nangang District,78833.33333333333,12298.0,2869.5333333333333,409.93333333333334,4159.653972756658,594.2362818223797,17827.08845467139
63000040037,臺北市,中山區,埤頭里,Bitou Vil.,A,63000,A10,63000040,,Zhongshan District,84916.66666666667,13247.0,3090.9666666666667,441.56666666666666,4307.376633691277,615.3395190987538,18460.185572962615
63000050025,臺北市,中正區,梅花里,Meihua Vil.,A,63000,A03,63000050,,Zhongzheng District,137500.0,21450.0,5005.0,715.0,4383.982341068787,626.2831915812552,18788.495747437657
63000090012,臺北市,南港區,萬福里,Wanfu Vil.,A,63000,A13,63000090,,Nangang District,86250.0,13455.0,3139.5,448.5,4201.228815907892,600.1755451296988,18005.266353890962
63000010027,臺北市,松山區,中崙里,Zhonglun Vil.,A,63000,A01,63000010,,Songshan District,118833.33333333333,18538.0,4325.533333333334,617.9333333333333,4269.555751513069,609.9365359304384,18298.09607791315
63000010034,臺北市,松山區,福成里,Fucheng Vil.,A,63000,A01,63000010,,Songshan District,346833.3333333333,54106.0,12624.733333333334,1803.5333333333333,4242.5708102161625,606.0815443165947,18182.446329497838
63000010030,臺北市,松山區,敦化里,Dunhua Vil.,A,63000,A01,63000010,,Songshan District,131166.66666666666,20462.0,4774.466666666667,682.0666666666667,4211.695582097702,601.6707974425289,18050.123923275863
63000010029,臺北市,松山區,吉仁里,Jiren Vil.,A,63000,A01,63000010,,Songshan District,117916.66666666667,18395.0,4292.166666666667,613.1666666666666,4194.309456243822,599.1870651776889,17975.611955330663
63000010031,臺北市,松山區,復源里,Fuyuan Vil.,A,63000,A01,63000010,,Songshan District,118333.33333333333,18460.0,4307.333333333333,615.3333333333334,4193.392694571166,599.0560992244524,17971.68297673357
63000010032,臺北市,松山區,復建里,Fujian Vil.,A,63000,A01,63000010,,Songshan District,109583.33333333333,17095.0,3988.8333333333335,569.8333333333334,4191.315150362645,598.7593071946636,17962.779215839906
63000040038,臺北市,中山區,朱崙里,Zhulun Vil.,A,63000,A10,63000040,,Zhongshan District,108666.66666666667,16952.0,3955.4666666666667,565.0666666666667,4309.779067858796,615.682723979828,18470.48171939484
63000020012,臺北市,信義區,五常里,Wuchang Vil.,A,63000,A17,63000020,,Xinyi District,92166.66666666667,14378.0,3354.866666666667,479.26666666666665,4277.392825428376,611.0561179183395,18331.683537550183
63000010025,臺北市,松山區,復盛里,Fucheng Vil.,A,63000,A01,63000010,,Songshan District,94083.33333333333,14677.0,3424.633333333333,489.23333333333335,4209.805899324532,601.4008427606475,18042.025282819424
63000040001,臺北市,中山區,正守里,Zhengshou Vil.,A,63000,A10,63000040,,Zhongshan District,101166.66666666667,15782.0,3682.4666666666667,526.0666666666667,4359.968871189699,622.8526958842427,18685.58087652728
63000050024,臺北市,中正區,黎明里,Liming Vil.,A,63000,A03,63000050,,Zhongzheng District,125833.33333333333,19630.0,4580.333333333333,654.3333333333334,4503.192925560593,643.3132750800847,19299.39825240254
63000090017,臺北市,南港區,中研里,Zhongyan Vil.,A,63000,A13,63000090,,Nangang District,86666.66666666667,13520.0,3154.666666666667,450.6666666666667,4374.142878508029,624.8775540725755,18746.326622177265
63000020005,臺北市,信義區,新仁里,Xinren Vil.,A,63000,A17,63000020,,Xinyi District,119083.33333333333,18577.0,4334.633333333333,619.2333333333333,4248.767139793016,606.9667342561452,18209.002027684353
63000020011,臺北市,信義區,雅祥里,Yaxiang Vil.,A,63000,A17,63000020,,Xinyi District,92916.66666666667,14495.0,3382.166666666667,483.1666666666667,4268.953133164238,609.8504475948912,18295.513427846734
63000070001,臺北市,萬華區,福星里,Fuxing Vil.,A,63000,A05,63000070,,Wanhua District,81083.33333333333,12649.0,2951.4333333333334,421.6333333333333,4458.232528587607,636.890361226801,19106.710836804028
63000020016,臺北市,信義區,四育里,Siyu Vil.,A,63000,A17,63000020,,Xinyi District,80083.33333333333,12493.0,2915.0333333333333,416.43333333333334,4288.0663262716735,612.5809037530962,18377.427112592886
63000020014,臺北市,信義區,永吉里,Yongji Vil.,A,63000,A17,63000020,,Xinyi District,66416.66666666667,10361.0,2417.5666666666666,345.3666666666667,4266.106656852493,609.4438081217847,18283.31424365354
63000050023,臺北市,中正區,光復里,Guangfu Vil.,A,63000,A03,63000050,,Zhongzheng District,142250.0,22191.0,5177.900000000001,739.7,4483.594304212173,640.5134720303104,19215.40416090931
63000090015,臺北市,南港區,聯成里,Liancheng Vil.,A,63000,A13,63000090,,Nangang District,77333.33333333333,12064.0,2814.9333333333334,402.1333333333333,4174.853563757008,596.4076519652868,17892.229558958603
63000090010,臺北市,南港區,合成里,Hecheng Vil.,A,63000,A13,63000090,,Nangang District,101583.33333333333,15847.0,3697.6333333333337,528.2333333333333,4198.29572771941,599.7565325313443,17992.69597594033
63000010024,臺北市,松山區,新聚里,Xinju Vil.,A,63000,A01,63000010,,Songshan District,104250.0,16263.0,3794.7000000000003,542.1,4243.262857413901,606.1804082019859,18185.412246059575
63000060002,臺北市,大同區,建明里,Jianming Vil.,A,63000,A09,63000060,,Datong District,97166.66666666667,15158.0,3536.866666666667,505.26666666666665,4465.867625176506,637.9810893109295,19139.432679327885
63000010022,臺北市,松山區,吉祥里,Jixiang Vil.,A,63000,A01,63000010,,Songshan District,114916.66666666667,17927.0,4182.966666666667,597.5666666666667,4198.889395991857,599.8413422845509,17995.24026853653
63000010033,臺北市,松山區,復勢里,Fushi Vil.,A,63000,A01,63000010,,Songshan District,117583.33333333333,18343.0,4280.033333333334,611.4333333333333,4173.066914884832,596.1524164121189,17884.572492363564
63000010028,臺北市,松山區,美仁里,Meiren Vil.,A,63000,A01,63000010,,Songshan District,135916.66666666666,21203.0,4947.366666666667,706.7666666666667,4182.745406336937,597.5350580481338,17926.051741444015
63000040039,臺北市,中山區,力行里,Lixing Vil.,A,63000,A10,63000040,,Zhongshan District,238666.66666666666,37232.0,8687.466666666667,1241.0666666666666,4321.139402058236,617.3056288654623,18519.168865963868
63000040036,臺北市,中山區,朱園里,Zhuyuan Vil.,A,63000,A10,63000040,,Zhongshan District,232666.66666666666,36296.0,8469.066666666668,1209.8666666666666,4331.229940249088,618.7471343212983,18562.41402963895
63000040032,臺北市,中山區,興亞里,Xingya Vil.,A,63000,A10,63000040,,Zhongshan District,155500.0,24258.0,5660.2,808.6,4342.097891316874,620.2996987595534,18608.9909627866
63000040002,臺北市,中山區,正義里,Zhengyi Vil.,A,63000,A10,63000040,,Zhongshan District,85583.33333333333,13351.0,3115.2333333333336,445.03333333333336,4372.857748905841,624.6939641294058,18740.818923882172
63000040003,臺北市,中山區,正得里,Zhengde Vil.,A,63000,A10,63000040,,Zhongshan District,139833.33333333334,21814.0,5089.933333333333,727.1333333333333,4411.085178250021,630.1550254642888,18904.65076392866
63000010018,臺北市,松山區,慈祐里,Ciyou Vil.,A,63000,A01,63000010,,Songshan District,78083.33333333333,12181.0,2842.2333333333336,406.03333333333336,4308.861644813218,615.5516635447455,18466.549906342363
63000090006,臺北市,南港區,新光里,Xinguang Vil.,A,63000,A13,63000090,,Nangang District,93333.33333333333,14560.0,3397.3333333333335,485.3333333333333,4292.540092677278,613.2200132396111,18396.600397188333
63000060004,臺北市,大同區,建泰里,Jiantai Vil.,A,63000,A09,63000060,,Datong District,95583.33333333333,14911.0,3479.2333333333336,497.03333333333336,4453.928700899622,636.275528699946,19088.265860998377
63000010014,臺北市,松山區,東勢里,Dongshi Vil.,A,63000,A01,63000010,,Songshan District,174916.66666666666,27287.0,6366.966666666667,909.5666666666667,4187.312287352149,598.1874696217355,17945.624088652065
63000060001,臺北市,大同區,玉泉里,Yuquan Vil.,A,63000,A09,63000060,,Datong District,93916.66666666667,14651.0,3418.5666666666666,488.3666666666667,4439.150347107352,634.1643353010503,19024.930059031507
63000060003,臺北市,大同區,建功里,Jiangong Vil.,A,63000,A09,63000060,,Datong District,85500.0,13338.0,3112.2000000000003,444.6,4465.447941712078,637.9211345302969,19137.634035908908
63000010011,臺北市,松山區,東光里,Dongguang Vil.,A,63000,A01,63000010,,Songshan District,114416.66666666667,17849.0,4164.766666666666,594.9666666666667,4194.10507153572,599.1578673622456,17974.73602086737
63000010019,臺北市,松山區,安平里,Anping Vil.,A,63000,A01,63000010,,Songshan District,83916.66666666667,13091.0,3054.5666666666666,436.3666666666667,4234.28747672494,604.8982109607057,18146.94632882117
63000010026,臺北市,松山區,中正里,Zhongzheng Vil.,A,63000,A01,63000010,,Songshan District,177166.66666666666,27638.0,6448.866666666667,921.2666666666667,4265.3411328777265,609.3344475539609,18280.033426618826
63000040040,臺北市,中山區,復華里,Fuhua Vil.,A,63000,A10,63000040,,Zhongshan District,133916.66666666666,20891.0,4874.566666666667,696.3666666666667,4359.75080041187,622.8215429159815,18684.64628747944
63000040005,臺北市,中山區,康樂里,Kangle Vil.,A,63000,A10,63000040,,Zhongshan District,108333.33333333333,16900.0,3943.3333333333335,563.3333333333334,4402.448067092118,628.9211524417312,18867.634573251937
63000090009,臺北市,南港區,玉成里,Yucheng Vil.,A,63000,A13,63000090,,Nangang District,80083.33333333333,12493.0,2915.0333333333333,416.43333333333334,4221.110081220411,603.0157258886302,18090.471776658906
63000090003,臺北市,南港區,新富里,Xinfu Vil.,A,63000,A13,63000090,,Nangang District,73333.33333333333,11440.0,2669.3333333333335,381.3333333333333,4572.962294868584,653.2803278383691,19598.409835151073
63000090002,臺北市,南港區,中南里,Zhongnan Vil.,A,63000,A13,63000090,,Nangang District,66500.0,10374.0,2420.6,345.8,4350.414074876784,621.4877249823977,18644.63174947193
63000090007,臺北市,南港區,東明里,Dongming Vil.,A,63000,A13,63000090,,Nangang District,102250.0,15951.0,3721.9,531.7,4340.991922919532,620.1417032742189,18604.251098226567
63000010015,臺北市,松山區,中華里,Zhonghua Vil.,A,63000,A01,63000010,,Songshan District,255750.0,39897.0,9309.300000000001,1329.9,4244.758926930039,606.394132418577,18191.823972557308
63000010012,臺北市,松山區,龍田里,Longtian Vil.,A,63000,A01,63000010,,Songshan District,135583.33333333334,21151.0,4935.233333333334,705.0333333333333,4239.094790584097,605.5849700834424,18167.54910250327
63000060005,臺北市,大同區,永樂里,Yongle Vil.,A,63000,A09,63000060,,Datong District,116250.0,18135.0,4231.5,604.5,4467.397908810593,638.1997012586562,19145.991037759686
63000060006,臺北市,大同區,朝陽里,Zhaoyang Vil.,A,63000,A09,63000060,,Datong District,107250.0,16731.0,3903.9,557.7,4478.917448276981,639.8453497538545,19195.360492615633
63000010021,臺北市,松山區,自強里,Ziqiang Vil.,A,63000,A01,63000010,,Songshan District,115416.66666666667,18005.0,4201.166666666667,600.1666666666666,4224.447899330438,603.4925570472054,18104.776711416165
63000060007,臺北市,大同區,星明里,Xingming Vil.,A,63000,A09,63000060,,Datong District,103583.33333333333,16159.0,3770.4333333333334,538.6333333333333,4475.772995852912,639.3961422647017,19181.884267941048
63000010020,臺北市,松山區,鵬程里,Pengcheng Vil.,A,63000,A01,63000010,,Songshan District,108750.0,16965.0,3958.5,565.5,4238.209132111912,605.4584474445589,18163.753423336766
63000060008,臺北市,大同區,光能里,Guangneng Vil.,A,63000,A09,63000060,,Datong District,144416.66666666666,22529.0,5256.766666666666,750.9666666666667,4454.45943943753,636.3513484910757,19090.54045473227
63000010035,臺北市,松山區,松基里,Songji Vil.,A,63000,A01,63000010,,Songshan District,208166.66666666666,32474.0,7577.266666666667,1082.4666666666667,4353.1767803859075,621.8823971979867,18656.471915939605
63000040035,臺北市,中山區,龍洲里,Longzhou Vil.,A,63000,A10,63000040,,Zhongshan District,105166.66666666667,16406.0,3828.0666666666666,546.8666666666667,4391.4253835909985,627.3464833701427,18820.394501104278
63000040034,臺北市,中山區,朱馥里,Zhufu Vil.,A,63000,A10,63000040,,Zhongshan District,90583.33333333333,14131.0,3297.2333333333336,471.03333333333336,4413.01921036624,630.4313157666057,18912.939472998172
63000100027,臺北市,內湖區,行善里,Xingshan Vil.,A,63000,A14,63000100,,Neihu District,79166.66666666667,12350.0,2881.666666666667,411.6666666666667,4311.741994674473,615.9631420963533,18478.894262890597
63000040004,臺北市,中山區,民安里,Min'an Vil.,A,63000,A10,63000040,,Zhongshan District,106250.0,16575.0,3867.5,552.5,4432.318803243071,633.1884004632958,18995.652013898874
63000040030,臺北市,中山區,中吉里,Zhongji Vil.,A,63000,A10,63000040,,Zhongshan District,127000.0,19812.0,4622.8,660.4,4372.149200059634,624.592742865662,18737.782285969857
63000040033,臺北市,中山區,中央里,Zhongyang Vil.,A,63000,A10,63000040,,Zhongshan District,206416.66666666666,32201.0,7513.566666666667,1073.3666666666666,4383.412715663904,626.2018165234149,18786.054495702447
63000040031,臺北市,中山區,中原里,Zhongyuan Vil.,A,63000,A10,63000040,,Zhongshan District,109666.66666666667,17108.0,3991.866666666667,570.2666666666667,4382.510252079444,626.0728931542063,18782.18679462619
63000040006,臺北市,中山區,中山里,Zhongshan Vil.,A,63000,A10,63000040,,Zhongshan District,84666.66666666667,13208.0,3081.866666666667,440.26666666666665,4420.529383526979,631.5041976467112,18945.125929401336
63000090005,臺北市,南港區,東新里,Dongxin Vil.,A,63000,A13,63000090,,Nangang District,78083.33333333333,12181.0,2842.2333333333336,406.03333333333336,4328.39509111682,618.3421558738315,18550.264676214945
63000010013,臺北市,松山區,東昌里,Dongchang Vil.,A,63000,A01,63000010,,Songshan District,893916.6666666666,139451.0,32538.56666666667,4648.366666666667,4353.4100940390335,621.9157277198619,18657.471831595856
63000010009,臺北市,松山區,介壽里,Jieshou Vil.,A,63000,A01,63000010,,Songshan District,141500.0,22074.0,5150.6,735.8,4340.897394213597,620.1281991733711,18603.84597520113
63000010008,臺北市,松山區,富泰里,Futai Vil.,A,63000,A01,63000010,,Songshan District,106250.0,16575.0,3867.5,552.5,4255.74337122524,607.9633387464628,18238.900162393882
63000090008,臺北市,南港區,西新里,Xixin Vil.,A,63000,A13,63000090,,Nangang District,71500.0,11154.0,2602.6,371.8,4162.4513620965645,594.6359088709378,17839.077266128133
63000090020,臺北市,南港區,重陽里,Zhongyang Vil.,A,63000,A13,63000090,,Nangang District,147916.66666666666,23075.0,5384.166666666667,769.1666666666666,4226.930618788747,603.8472312555352,18115.416937666057
63000040007,臺北市,中山區,聚盛里,Jucheng Vil.,A,63000,A10,63000040,,Zhongshan District,78500.0,12246.0,2857.4,408.2,4443.151696174254,634.7359565963219,19042.078697889658
63000040029,臺北市,中山區,江山里,Jiangshan Vil.,A,63000,A10,63000040,,Zhongshan District,106500.0,16614.0,3876.6,553.8,4461.310557659364,637.3300796656234,19119.902389968705
63000060011,臺北市,大同區,雙連里,Shuanglian Vil.,A,63000,A09,63000060,,Datong District,79166.66666666667,12350.0,2881.666666666667,411.6666666666667,4492.162823977298,641.7375462824712,19252.126388474135
63000040023,臺北市,中山區,中庄里,Zhongzhuang Vil.,A,63000,A10,63000040,,Zhongshan District,89500.0,13962.0,3257.8,465.4,4418.808255592297,631.258322227471,18937.749666824133
63000090001,臺北市,南港區,南港里,Nangang Vil.,A,63000,A13,63000090,,Nangang District,80416.66666666667,12545.0,2927.166666666667,418.1666666666667,4543.354744327047,649.0506777610068,19471.5203328302
63000060009,臺北市,大同區,大有里,Dayou Vil.,A,63000,A09,63000060,,Datong District,85583.33333333333,13351.0,3115.2333333333336,445.03333333333336,4529.459742795585,647.0656775422265,19411.970326266794
63000060010,臺北市,大同區,延平里,Yanping Vil.,A,63000,A09,63000060,,Datong District,79250.0,12363.0,2884.7000000000003,412.1,4527.014932489315,646.716418927045,19401.492567811347
63000010016,臺北市,松山區,民有里,Minyou Vil.,A,63000,A01,63000010,,Songshan District,157833.33333333334,24622.0,5745.133333333333,820.7333333333333,4490.025549772296,641.4322213960422,19242.966641881267
63000040028,臺北市,中山區,江寧里,Jiangning Vil.,A,63000,A10,63000040,,Zhongshan District,115416.66666666667,18005.0,4201.166666666667,600.1666666666666,4494.574677935079,642.0820968478685,19262.462905436052
63000040021,臺北市,中山區,松江里,Songjiang Vil.,A,63000,A10,63000040,,Zhongshan District,138166.66666666666,21554.0,5029.266666666666,718.4666666666667,4437.245476341259,633.8922109058941,19016.76632717682
63000010003,臺北市,松山區,東榮里,Dongrong Vil.,A,63000,A01,63000010,,Songshan District,162916.66666666666,25415.0,5930.166666666667,847.1666666666666,4548.3909126430335,649.7701303775763,19493.103911327285
63000040022,臺北市,中山區,新生里,Xinsheng Vil.,A,63000,A10,63000040,,Zhongshan District,77583.33333333333,12103.0,2824.0333333333333,403.43333333333334,4439.727885201054,634.2468407430077,19027.405222290232
63000040009,臺北市,中山區,聚葉里,Juye Vil.,A,63000,A10,63000040,,Zhongshan District,90750.0,14157.0,3303.3,471.9,4462.539496987491,637.5056424267843,19125.16927280353
63000100026,臺北市,內湖區,週美里,Zhoumei Vil.,A,63000,A14,63000100,,Neihu District,128583.33333333333,20059.0,4680.433333333333,668.6333333333333,4267.22171908909,609.6031027270128,18288.093081810384
63000060013,臺北市,大同區,民權里,Minquan Vil.,A,63000,A09,63000060,,Datong District,97333.33333333333,15184.0,3542.9333333333334,506.1333333333333,4516.427876576135,645.2039823680192,19356.119471040576
63000010004,臺北市,松山區,三民里,Sanmin Vil.,A,63000,A01,63000010,,Songshan District,131166.66666666666,20462.0,4774.466666666667,682.0666666666667,4396.703121143369,628.1004458776241,18843.013376328723
63000010006,臺北市,松山區,富錦里,Fujin Vil.,A,63000,A01,63000010,,Songshan District,146666.66666666666,22880.0,5338.666666666667,762.6666666666666,4362.5349097647195,623.2192728235314,18696.57818470594
63000060012,臺北市,大同區,南芳里,Nanfang Vil.,A,63000,A09,63000060,,Datong District,77666.66666666667,12116.0,2827.0666666666666,403.8666666666667,4585.4458436206805,655.0636919458115,19651.910758374346
63000010005,臺北市,松山區,新益里,Xinyi Vil.,A,63000,A01,63000010,,Songshan District,90666.66666666667,14144.0,3300.266666666667,471.46666666666664,4296.33703195058,613.7624331357972,18412.872994073914
63000010007,臺北市,松山區,新東里,Xindong Vil.,A,63000,A01,63000010,,Songshan District,95833.33333333333,14950.0,3488.3333333333335,498.3333333333333,4255.936679952311,607.9909542789017,18239.728628367047
63000040020,臺北市,中山區,新福里,Xinfu Vil.,A,63000,A10,63000040,,Zhongshan District,341333.3333333333,53248.0,12424.533333333333,1774.9333333333334,4452.574537256391,636.082076750913,19082.462302527387
63000090004,臺北市,南港區,三重里,Sanzhong Vil.,A,63000,A13,63000090,,Nangang District,147000.0,22932.0,5350.8,764.4,4706.023785536155,672.2891122194507,20168.67336658352
63000040010,臺北市,中山區,恆安里,Heng'an Vil.,A,63000,A10,63000040,,Zhongshan District,154333.33333333334,24076.0,5617.733333333334,802.5333333333333,4473.058794364421,639.0083991949174,19170.25197584752
63000100037,臺北市,內湖區,蘆洲里,Luzhou Vil.,A,63000,A14,63000100,,Neihu District,64250.0,10023.0,2338.7000000000003,334.1,4314.171425556262,616.3102036508946,18489.306109526835
63000060014,臺北市,大同區,景星里,Jingxing Vil.,A,63000,A09,63000060,,Datong District,64000.0,9984.0,2329.6,332.8,4617.03448138295,659.5763544832786,19787.290634498357
63000060015,臺北市,大同區,隆和里,Longhe Vil.,A,63000,A09,63000060,,Datong District,80750.0,12597.0,2939.3,419.9,4585.979289028551,655.13989843265,19654.196952979502
63000060016,臺北市,大同區,蓬萊里,Penglai Vil.,A,63000,A09,63000060,,Datong District,98333.33333333333,15340.0,3579.3333333333335,511.3333333333333,4521.147435848292,645.8782051211846,19376.346153635535
63000040011,臺北市,中山區,晴光里,Qingguang Vil.,A,63000,A10,63000040,,Zhongshan District,134500.0,20982.0,4895.8,699.4,4470.310040030692,638.6157200043846,19158.471600131536
63000010017,臺北市,松山區,民福里,Minfu Vil.,A,63000,A01,63000010,,Songshan District,92000.0,14352.0,3348.8,478.4,4619.0623874705225,659.8660553529318,19795.981660587953
63000100028,臺北市,內湖區,石潭里,Shitan Vil.,A,63000,A14,63000100,,Neihu District,139416.66666666666,21749.0,5074.766666666666,724.9666666666667,4383.53205696355,626.2188652805071,18786.565958415213
63000040027,臺北市,中山區,下埤里,Xiabi Vil.,A,63000,A10,63000040,,Zhongshan District,98666.66666666667,15392.0,3591.4666666666667,513.0666666666667,4560.287861332817,651.4696944761166,19544.0908342835
63000040025,臺北市,中山區,行仁里,Xingren Vil.,A,63000,A10,63000040,,Zhongshan District,77083.33333333333,12025.0,2805.8333333333335,400.8333333333333,4509.926497549129,644.2752139355898,19328.256418067693
63000040024,臺北市,中山區,行政里,Xingzheng Vil.,A,63000,A10,63000040,,Zhongshan District,84916.66666666667,13247.0,3090.9666666666667,441.56666666666666,4463.756920601511,637.6795600859302,19130.386802577905
63000040026,臺北市,中山區,行孝里,Xingxiao Vil.,A,63000,A10,63000040,,Zhongshan District,73416.66666666667,11453.0,2672.366666666667,381.76666666666665,4487.0983725436145,641.0140532205163,19230.42159661549
63000040018,臺北市,中山區,新喜里,Xinxi Vil.,A,63000,A10,63000040,,Zhongshan District,89416.66666666667,13949.0,3254.766666666667,464.96666666666664,4459.507607487558,637.0725153553655,19112.17546066096
63000040008,臺北市,中山區,集英里,Jiying Vil.,A,63000,A10,63000040,,Zhongshan District,131333.33333333334,20488.0,4780.533333333334,682.9333333333333,4476.939129581295,639.5627327973278,19186.881983919833
63000060020,臺北市,大同區,斯文里,Siwen Vil.,A,63000,A09,63000060,,Datong District,85583.33333333333,13351.0,3115.2333333333336,445.03333333333336,4504.369883170643,643.4814118815204,19304.442356445612
63000060019,臺北市,大同區,揚雅里,Yangya Vil.,A,63000,A09,63000060,,Datong District,99250.0,15483.0,3612.7000000000003,516.1,4547.220048277316,649.6028640396165,19488.085921188496
63000060017,臺北市,大同區,國順里,Guoshun Vil.,A,63000,A09,63000060,,Datong District,60000.0,9360.0,2184.0,312.0,4629.393900658163,661.341985808309,19840.25957424927
63000100022,臺北市,內湖區,五分里,Wufen Vil.,A,63000,A14,63000100,,Neihu District,79500.0,12402.0,2893.8,413.4,4484.41594175443,640.6308488220614,19218.92546466184
63000060018,臺北市,大同區,國慶里,Guoqing Vil.,A,63000,A09,63000060,,Datong District,90750.0,14157.0,3303.3,471.9,4580.0855344501915,654.2979334928845,19628.938004786534
63000100040,臺北市,內湖區,南湖里,Nanhu Vil.,A,63000,A14,63000100,,Neihu District,143166.66666666666,22334.0,5211.266666666666,744.4666666666667,4284.515244327813,612.0736063325447,18362.20818997634
63000010010,臺北市,松山區,精忠里,Jingzhong Vil.,A,63000,A01,63000010,,Songshan District,167583.33333333334,26143.0,6100.033333333334,871.4333333333333,4812.696149229541,687.5280213185059,20625.840639555176
63000060022,臺北市,大同區,至聖里,Zhisheng Vil.,A,63000,A09,63000060,,Datong District,93416.66666666667,14573.0,3400.366666666667,485.76666666666665,4499.138532345873,642.7340760494104,19282.02228148231
63000060021,臺北市,大同區,鄰江里,Linjiang Vil.,A,63000,A09,63000060,,Datong District,70500.0,10998.0,2566.2000000000003,366.6,4609.886792764788,658.5552561092554,19756.657683277663
63000100036,臺北市,內湖區,明湖里,Minghu Vil.,A,63000,A14,63000100,,Neihu District,88250.0,13767.0,3212.3,458.9,4306.584025615355,615.2262893736222,18456.788681208665
63000100018,臺北市,內湖區,葫洲里,Huzhou Vil.,A,63000,A14,63000100,,Neihu District,124166.66666666667,19370.0,4519.666666666667,645.6666666666666,4293.357210358725,613.3367443369607,18400.10233010882
63000100030,臺北市,內湖區,湖元里,Huyuan Vil.,A,63000,A14,63000100,,Neihu District,100250.0,15639.0,3649.1,521.3,4464.787324239071,637.8267606055815,19134.802818167445
63000100024,臺北市,內湖區,樂康里,Lekang Vil.,A,63000,A14,63000100,,Neihu District,75166.66666666667,11726.0,2736.0666666666666,390.8666666666667,4500.563467123129,642.937638160447,19288.12914481341
63000060026,臺北市,大同區,保安里,Bao'an Vil.,A,63000,A09,63000060,,Datong District,106916.66666666667,16679.0,3891.766666666667,555.9666666666667,4472.489327170304,638.9270467386149,19167.811402158444
63000100023,臺北市,內湖區,東湖里,Donghu Vil.,A,63000,A14,63000100,,Neihu District,74250.0,11583.0,2702.7000000000003,386.1,4427.882627142076,632.5546610202965,18976.639830608896
63000100031,臺北市,內湖區,安湖里,Anhu Vil.,A,63000,A14,63000100,,Neihu District,93750.0,14625.0,3412.5,487.5,4347.6518401454,621.0931200207714,18632.79360062314
63000100029,臺北市,內湖區,湖興里,Huxing Vil.,A,63000,A14,63000100,,Neihu District,101750.0,15873.0,3703.7000000000003,529.1,4674.911451804167,667.844493114881,20035.33479344643
63000100039,臺北市,內湖區,寶湖里,Baohu Vil.,A,63000,A14,63000100,,Neihu District,179583.33333333334,28015.0,6536.833333333334,933.8333333333334,4470.889101812072,638.6984431160103,19160.95329348031
63000010002,臺北市,松山區,莊敬里,Zhuangjing Vil.,A,63000,A01,63000010,,Songshan District,79666.66666666667,12428.0,2899.866666666667,414.26666666666665,4709.797169616504,672.8281670880721,20184.84501264216
63000100021,臺北市,內湖區,瑞光里,Ruiguang Vil.,A,63000,A14,63000100,,Neihu District,92416.66666666667,14417.0,3363.9666666666667,480.56666666666666,4649.649226008123,664.2356037154461,19927.068111463384
63000040017,臺北市,中山區,大佳里,Dajia Vil.,A,63000,A10,63000040,,Zhongshan District,70250.0,10959.0,2557.1,365.3,4667.961174269112,666.8515963241589,20005.547889724767
63000040019,臺北市,中山區,新庄里,Xinzhuang Vil.,A,63000,A10,63000040,,Zhongshan District,76166.66666666667,11882.0,2772.4666666666667,396.06666666666666,4440.638844977786,634.3769778539694,19031.309335619084
63000040012,臺北市,中山區,圓山里,Yuanshan Vil.,A,63000,A10,63000040,,Zhongshan District,95083.33333333333,14833.0,3461.0333333333333,494.43333333333334,4433.041974899981,633.2917106999973,18998.75132099992
63000100035,臺北市,內湖區,康寧里,Kangning Vil.,A,63000,A14,63000100,,Neihu District,105666.66666666667,16484.0,3846.266666666667,549.4666666666667,4306.840400818285,615.2629144026122,18457.887432078365
63000100020,臺北市,內湖區,瑞陽里,Ruiyang Vil.,A,63000,A14,63000100,,Neihu District,99250.0,15483.0,3612.7000000000003,516.1,4653.652141700029,664.8074488142898,19944.223464428695
63000100034,臺北市,內湖區,金湖里,Jinhu Vil.,A,63000,A14,63000100,,Neihu District,211500.0,32994.0,7698.6,1099.8,4382.454026593509,626.0648609419299,18781.945828257896
63000060024,臺北市,大同區,老師里,Laoshi Vil.,A,63000,A09,63000060,,Datong District,70500.0,10998.0,2566.2000000000003,366.6,4598.625650470245,656.9465214957493,19708.39564487248
63000100016,臺北市,內湖區,紫雲里,Ziyun Vil.,A,63000,A14,63000100,,Neihu District,87833.33333333333,13702.0,3197.133333333333,456.73333333333335,4559.940407859511,651.4200582656443,19542.601747969333
63000060025,臺北市,大同區,重慶里,Zhongqing Vil.,A,63000,A09,63000060,,Datong District,90916.66666666667,14183.0,3309.366666666667,472.76666666666665,4416.392069308498,630.9131527583569,18927.394582750705
63000100019,臺北市,內湖區,紫陽里,Ziyang Vil.,A,63000,A14,63000100,,Neihu District,105916.66666666667,16523.0,3855.366666666667,550.7666666666667,4669.5342207762305,667.0763172537472,20012.289517612415
63000040016,臺北市,中山區,永安里,Yong'an Vil.,A,63000,A10,63000040,,Zhongshan District,190083.33333333334,29653.0,6919.033333333334,988.4333333333333,4685.128667821722,669.3040954031031,20079.122862093092
63000110014,臺北市,士林區,明勝里,Mingsheng Vil.,A,63000,A15,63000110,,Shilin District,84916.66666666667,13247.0,3090.9666666666667,441.56666666666666,4373.829834872033,624.8328335531476,18744.985006594427
63000100005,臺北市,內湖區,港墘里,Gangqi Vil.,A,63000,A14,63000100,,Neihu District,102750.0,16029.0,3740.1,534.3,4606.728660434814,658.1040943478305,19743.122830434917
63000100011,臺北市,內湖區,紫星里,Zixing Vil.,A,63000,A14,63000100,,Neihu District,90500.0,14118.0,3294.2000000000003,470.6,4651.817383300872,664.5453404715532,19936.360214146596
63000110016,臺北市,士林區,富光里,Fuguang Vil.,A,63000,A15,63000110,,Shilin District,67416.66666666667,10517.0,2453.9666666666667,350.56666666666666,4529.0777241039,647.0111034434143,19410.33310330243
63000110013,臺北市,士林區,福華里,Fuhua Vil.,A,63000,A15,63000110,,Shilin District,70750.0,11037.0,2575.3,367.9,4358.693633042923,622.6705190061318,18680.115570183953
63000100006,臺北市,內湖區,港都里,Gangdou Vil.,A,63000,A14,63000100,,Neihu District,105666.66666666667,16484.0,3846.266666666667,549.4666666666667,4608.976008640067,658.4251440914383,19752.754322743145
63000110015,臺北市,士林區,福順里,Fushun Vil.,A,63000,A15,63000110,,Shilin District,71916.66666666667,11219.0,2617.766666666667,373.96666666666664,4373.97980299936,624.8542575713371,18745.627727140112
63000110012,臺北市,士林區,承德里,Chengde Vil.,A,63000,A15,63000110,,Shilin District,100750.0,15717.0,3667.3,523.9,4357.352409860446,622.4789156943494,18674.367470830482
63000100017,臺北市,內湖區,清白里,Qingbai Vil.,A,63000,A14,63000100,,Neihu District,140500.0,21918.0,5114.2,730.6,4611.060619042278,658.7229455774683,19761.688367324048
63000040041,臺北市,中山區,金泰里,Jintai Vil.,A,63000,A10,63000040,,Zhongshan District,256250.0,39975.0,9327.5,1332.5,4608.478070527647,658.3540100753781,19750.620302261344
63000110011,臺北市,士林區,百齡里,Bailing Vil.,A,63000,A15,63000110,,Shilin District,74500.0,11622.0,2711.8,387.4,4357.805516013206,622.5436451447438,18676.309354342313
63000100009,臺北市,內湖區,內湖里,Neihu Vil.,A,63000,A14,63000100,,Neihu District,93750.0,14625.0,3412.5,487.5,4658.151006003765,665.4501437148236,19963.504311444707
63000040015,臺北市,中山區,成功里,Chenggong Vil.,A,63000,A10,63000040,,Zhongshan District,322583.3333333333,50323.0,11742.033333333333,1677.4333333333334,4638.19304781136,662.5990068301943,19877.97020490583
63000100001,臺北市,內湖區,西湖里,Xihu Vil.,A,63000,A14,63000100,,Neihu District,82333.33333333333,12844.0,2996.9333333333334,428.1333333333333,4583.65055178045,654.8072216829214,19644.21665048764
63000110017,臺北市,士林區,葫蘆里,Hulu Vil.,A,63000,A15,63000110,,Shilin District,70166.66666666667,10946.0,2554.0666666666666,364.8666666666667,2554.0666666666666,364.8666666666667,10946.0
63000100038,臺北市,內湖區,麗山里,Lishan Vil.,A,63000,A14,63000100,,Neihu District,103000.0,16068.0,3749.2000000000003,535.6,4593.36859916348,656.1955141662114,19685.865424986343
63000100013,臺北市,內湖區,金龍里,Jinlong Vil.,A,63000,A14,63000100,,Neihu District,78333.33333333333,12220.0,2851.3333333333335,407.3333333333333,4659.1675573761295,665.5953653394471,19967.86096018341
63000100032,臺北市,內湖區,秀湖里,Xiuhu Vil.,A,63000,A14,63000100,,Neihu District,148500.0,23166.0,5405.400000000001,772.2,4574.918800739501,653.5598286770717,19606.794860312148
63000110010,臺北市,士林區,前港里,Qiangang Vil.,A,63000,A15,63000110,,Shilin District,99166.66666666667,15470.0,3609.666666666667,515.6666666666666,4356.73251675244,622.3903595360628,18671.710786081883
63000110018,臺北市,士林區,葫東里,Hudong Vil.,A,63000,A15,63000110,,Shilin District,69583.33333333333,10855.0,2532.8333333333335,361.8333333333333,4357.317891954021,622.4739845648602,18674.219536945806
63000100010,臺北市,內湖區,湖濱里,Hubin Vil.,A,63000,A14,63000100,,Neihu District,131833.33333333334,20566.0,4798.733333333334,685.5333333333333,4655.893298313046,665.1276140447209,19953.828421341626
63000110009,臺北市,士林區,福中里,Fuzhong Vil.,A,63000,A15,63000110,,Shilin District,82166.66666666667,12818.0,2990.866666666667,427.26666666666665,4358.09161795812,622.58451685116,18677.5355055348
63000110020,臺北市,士林區,社新里,Shexin Vil.,A,63000,A15,63000110,,Shilin District,66583.33333333333,10387.0,2423.633333333333,346.23333333333335,2423.633333333333,346.23333333333335,10387.0
63000100007,臺北市,內湖區,港富里,Gangfu Vil.,A,63000,A14,63000100,,Neihu District,104916.66666666667,16367.0,3818.9666666666667,545.5666666666667,4627.568380390927,661.0811971987039,19832.435915961116
63000110002,臺北市,士林區,義信里,Yixin Vil.,A,63000,A15,63000110,,Shilin District,134666.66666666666,21008.0,4901.866666666667,700.2666666666667,4354.6129775321515,622.0875682188788,18662.627046566362
63000100033,臺北市,內湖區,安泰里,Antai Vil.,A,63000,A14,63000100,,Neihu District,76833.33333333333,11986.0,2796.7333333333336,399.53333333333336,4469.579951613816,638.5114216591165,19155.342649773494
63000040013,臺北市,中山區,劍潭里,Jiantan Vil.,A,63000,A10,63000040,,Zhongshan District,89750.0,14001.0,3266.9,466.7,4411.358232060663,630.1940331515233,18905.8209945457
63000110001,臺北市,士林區,仁勇里,Renyong Vil.,A,63000,A15,63000110,,Shilin District,93333.33333333333,14560.0,3397.3333333333335,485.3333333333333,4352.124175583815,621.732025083402,18651.960752502062
63000040042,臺北市,中山區,北安里,Bei'an Vil.,A,63000,A10,63000040,,Zhongshan District,95750.0,14937.0,3485.3,497.9,4625.717286177219,660.8167551681742,19824.502655045224
63000040014,臺北市,中山區,大直里,Dazhi Vil.,A,63000,A10,63000040,,Zhongshan District,107166.66666666667,16718.0,3900.866666666667,557.2666666666667,4615.74334940367,659.3919070576673,19781.757211730015
63000100008,臺北市,內湖區,港華里,Ganghua Vil.,A,63000,A14,63000100,,Neihu District,109333.33333333333,17056.0,3979.7333333333336,568.5333333333333,4599.1085503892755,657.015507198468,19710.46521595404
63000110004,臺北市,士林區,福德里,Fude Vil.,A,63000,A15,63000110,,Shilin District,104166.66666666667,16250.0,3791.666666666667,541.6666666666666,4362.776782150146,623.2538260214494,18697.614780643482
63000110019,臺北市,士林區,社子里,Shezi Vil.,A,63000,A15,63000110,,Shilin District,73250.0,11427.0,2666.3,380.9,4361.736361432074,623.1051944902963,18693.155834708887
63000110021,臺北市,士林區,社園里,Sheyuan Vil.,A,63000,A15,63000110,,Shilin District,68416.66666666667,10673.0,2490.366666666667,355.76666666666665,4357.317891954021,622.4739845648602,18674.219536945806
63000110022,臺北市,士林區,永倫里,Yonglun Vil.,A,63000,A15,63000110,,Shilin District,67333.33333333333,10504.0,2450.9333333333334,350.1333333333333,2450.9333333333334,350.1333333333333,10504.0
63000110008,臺北市,士林區,後港里,Hougang Vil.,A,63000,A15,63000110,,Shilin District,85583.33333333333,13351.0,3115.2333333333336,445.03333333333336,4369.64108172246,624.2344402460657,18727.03320738197
63000100002,臺北市,內湖區,西康里,Xikang Vil.,A,63000,A14,63000100,,Neihu District,125916.66666666667,19643.0,4583.366666666667,654.7666666666667,4586.230676969241,655.175810995606,19655.274329868178
63000100003,臺北市,內湖區,西安里,Xi'an Vil.,A,63000,A14,63000100,,Neihu District,100083.33333333333,15613.0,3643.0333333333333,520.4333333333333,4580.67462356444,654.3820890806343,19631.462672419028
63000110007,臺北市,士林區,福佳里,Fujia Vil.,A,63000,A15,63000110,,Shilin District,106666.66666666667,16640.0,3882.666666666667,554.6666666666666,4382.350642969444,626.0500918527778,18781.502755583333
63000110003,臺北市,士林區,福林里,Fulin Vil.,A,63000,A15,63000110,,Shilin District,195416.66666666666,30485.0,7113.166666666667,1016.1666666666666,4321.5784023692695,617.3683431956099,18521.050295868296
63000110006,臺北市,士林區,舊佳里,Jiujia Vil.,A,63000,A15,63000110,,Shilin District,102000.0,15912.0,3712.8,530.4,4375.591755766558,625.0845365380798,18752.53609614239
63000110005,臺北市,士林區,福志里,Fuzhi Vil.,A,63000,A15,63000110,,Shilin District,108250.0,16887.0,3940.3,562.9,4354.600129902203,622.0857328431719,18662.571985295155
63000110028,臺北市,士林區,德華里,Dehua Vil.,A,63000,A15,63000110,,Shilin District,96666.66666666667,15080.0,3518.666666666667,502.6666666666667,4384.723175815884,626.3890251165549,18791.670753496644
63000100012,臺北市,內湖區,大湖里,Dahu Vil.,A,63000,A14,63000100,,Neihu District,125166.66666666667,19526.0,4556.066666666667,650.8666666666667,4690.043906746278,670.0062723923254,20100.18817176976
63000110026,臺北市,士林區,名山里,Mingshan Vil.,A,63000,A15,63000110,,Shilin District,114833.33333333333,17914.0,4179.933333333333,597.1333333333333,4381.053797176203,625.864828168029,18775.94484504087
63000110027,臺北市,士林區,德行里,Dexing Vil.,A,63000,A15,63000110,,Shilin District,106083.33333333333,16549.0,3861.4333333333334,551.6333333333333,4387.213736921993,626.7448195602847,18802.34458680854
63000100014,臺北市,內湖區,金瑞里,Jinrui Vil.,A,63000,A14,63000100,,Neihu District,84916.66666666667,13247.0,3090.9666666666667,441.56666666666666,4603.077525906119,657.5825037008742,19727.475111026226
63000110030,臺北市,士林區,忠誠里,Zhongcheng Vil.,A,63000,A15,63000110,,Shilin District,212333.33333333334,33124.0,7728.933333333333,1104.1333333333334,4379.547674909456,625.649667844208,18769.49003532624
63000110025,臺北市,士林區,岩山里,Yanshan Vil.,A,63000,A15,63000110,,Shilin District,130750.0,20397.0,4759.3,679.9,4357.837010154588,622.5481443077982,18676.44432923395
63000100025,臺北市,內湖區,內溝里,Neigou Vil.,A,63000,A14,63000100,,Neihu District,83500.0,13026.0,3039.4,434.2,4693.798497729345,670.5426425327636,20116.27927598291
63000120001,臺北市,北投區,建民里,Jianmin Vil.,A,63000,A16,63000120,,Beitou District,105416.66666666667,16445.0,3837.166666666667,548.1666666666666,4355.431652215247,622.2045217450352,18666.135652351055
63000110029,臺北市,士林區,聖山里,Shengshan Vil.,A,63000,A15,63000110,,Shilin District,123000.0,19188.0,4477.2,639.6,4381.618212143638,625.9454588776625,18778.363766329876
63000120002,臺北市,北投區,文林里,Wenlin Vil.,A,63000,A16,63000120,,Beitou District,97500.0,15210.0,3549.0,507.0,4342.901926180495,620.4145608829278,18612.436826487836
63000120003,臺北市,北投區,石牌里,Shipai Vil.,A,63000,A16,63000120,,Beitou District,83583.33333333333,13039.0,3042.4333333333334,434.6333333333333,4342.7701649649225,620.3957378521318,18611.872135563954
63000110034,臺北市,士林區,蘭雅里,Lanya Vil.,A,63000,A15,63000110,,Shilin District,114583.33333333333,17875.0,4170.833333333333,595.8333333333334,4364.52556895195,623.5036527074215,18705.10958122264
63000110050,臺北市,士林區,翠山里,Cuishan Vil.,A,63000,A15,63000110,,Shilin District,110583.33333333333,17251.0,4025.2333333333336,575.0333333333333,4025.2333333333336,575.0333333333333,17251.0
63000110051,臺北市,士林區,臨溪里,Linxi Vil.,A,63000,A15,63000110,,Shilin District,299083.3333333333,46657.0,10886.633333333333,1555.2333333333333,10886.633333333333,1555.2333333333333,46657.0
63000120019,臺北市,北投區,洲美里,Zhoumei Vil.,A,63000,A16,63000120,,Beitou District,65833.33333333333,10270.0,2396.3333333333335,342.3333333333333,2396.3333333333335,342.3333333333333,10270.0
63000110035,臺北市,士林區,蘭興里,Lanxing Vil.,A,63000,A15,63000110,,Shilin District,121416.66666666667,18941.0,4419.566666666667,631.3666666666667,4362.166453237059,623.1666361767227,18694.99908530168
63000120004,臺北市,北投區,福興里,Fuxing Vil.,A,63000,A16,63000120,,Beitou District,84666.66666666667,13208.0,3081.866666666667,440.26666666666665,4326.791435138034,618.1130621625763,18543.39186487729
63000120014,臺北市,北投區,吉慶里,Jiqing Vil.,A,63000,A16,63000120,,Beitou District,88666.66666666667,13832.0,3227.4666666666667,461.06666666666666,4315.909460785791,616.5584943979702,18496.754831939106
63000110023,臺北市,士林區,福安里,Fu'an Vil.,A,63000,A15,63000110,,Shilin District,63250.0,9867.0,2302.3,328.9,4417.818760861554,631.1169658373649,18933.508975120945
63000120005,臺北市,北投區,榮光里,Rongguang Vil.,A,63000,A16,63000120,,Beitou District,86416.66666666667,13481.0,3145.5666666666666,449.3666666666667,4332.67962174546,618.9542316779228,18568.626950337686
63000120007,臺北市,北投區,裕民里,Yumin Vil.,A,63000,A16,63000120,,Beitou District,114833.33333333333,17914.0,4179.933333333333,597.1333333333333,4338.128386171506,619.7326265959293,18591.97879787788
63000100015,臺北市,內湖區,碧山里,Bishan Vil.,A,63000,A14,63000100,,Neihu District,93750.0,14625.0,3412.5,487.5,4678.3490012637885,668.3355716091127,20050.067148273378
63000110024,臺北市,士林區,富洲里,Fuzhou Vil.,A,63000,A15,63000110,,Shilin District,63250.0,9867.0,2302.3,328.9,2302.3,328.9,9867.0
63000110037,臺北市,士林區,天祿里,Tianlu Vil.,A,63000,A15,63000110,,Shilin District,116000.0,18096.0,4222.400000000001,603.2,4352.253753932909,621.7505362761298,18652.516088283894
63000110043,臺北市,士林區,永福里,Yongfu Vil.,A,63000,A15,63000110,,Shilin District,496083.3333333333,77389.0,18057.433333333334,2579.633333333333,18057.433333333334,2579.633333333333,77389.0
63000110033,臺北市,士林區,三玉里,Sanyu Vil.,A,63000,A15,63000110,,Shilin District,179250.0,27963.0,6524.7,932.1,4365.412367906667,623.630338272381,18708.910148171428
63000110036,臺北市,士林區,天福里,Tianfu Vil.,A,63000,A15,63000110,,Shilin District,112666.66666666667,17576.0,4101.066666666667,585.8666666666667,4346.553564579957,620.9362235114224,18628.086705342674
63000120016,臺北市,北投區,立賢里,Lixian Vil.,A,63000,A16,63000120,,Beitou District,82416.66666666667,12857.0,2999.9666666666667,428.56666666666666,4317.099816033649,616.7285451476642,18501.856354429925
63000120015,臺北市,北投區,尊賢里,Zunxian Vil.,A,63000,A16,63000120,,Beitou District,84000.0,13104.0,3057.6,436.8,4312.769959899787,616.1099942713981,18483.299828141942
63000110038,臺北市,士林區,天壽里,Tianshou Vil.,A,63000,A15,63000110,,Shilin District,206250.0,32175.0,7507.5,1072.5,4342.21616081195,620.3165944017072,18609.497832051216
63000120013,臺北市,北投區,吉利里,Jili Vil.,A,63000,A16,63000120,,Beitou District,92166.66666666667,14378.0,3354.866666666667,479.26666666666665,4320.193898394799,617.1705569135428,18515.116707406283
63000120008,臺北市,北投區,振華里,Zhenhua Vil.,A,63000,A16,63000120,,Beitou District,96500.0,15054.0,3512.6,501.8,4335.542883433944,619.3632690619919,18580.89807185976
63000120011,臺北市,北投區,永明里,Yongming Vil.,A,63000,A16,63000120,,Beitou District,101333.33333333333,15808.0,3688.5333333333333,526.9333333333333,4325.3274862909875,617.9039266129982,18537.117798389947
63000120006,臺北市,北投區,榮華里,Ronghua Vil.,A,63000,A16,63000120,,Beitou District,153333.33333333334,23920.0,5581.333333333334,797.3333333333334,4342.568241350549,620.3668916215071,18611.00674864521
63000110031,臺北市,士林區,芝山里,Zhishan Vil.,A,63000,A15,63000110,,Shilin District,183666.66666666666,28652.0,6685.466666666667,955.0666666666667,6685.466666666667,955.0666666666667,28652.0
63000120017,臺北市,北投區,立農里,Linong Vil.,A,63000,A16,63000120,,Beitou District,83666.66666666667,13052.0,3045.4666666666667,435.06666666666666,4306.923499297618,615.2747856139455,18458.243568418362
63000110041,臺北市,士林區,天玉里,Tianyu Vil.,A,63000,A15,63000110,,Shilin District,145333.33333333334,22672.0,5290.133333333333,755.7333333333333,4339.618531545075,619.9455045064393,18598.365135193177
63000120038,臺北市,北投區,關渡里,Guandu Vil.,A,63000,A16,63000120,,Beitou District,86500.0,13494.0,3148.6,449.8,4385.744639876885,626.5349485538408,18796.048456615223
63000110040,臺北市,士林區,天山里,Tianshan Vil.,A,63000,A15,63000110,,Shilin District,130750.0,20397.0,4759.3,679.9,4344.1668433715395,620.5952633387914,18617.85790016374
63000120012,臺北市,北投區,東華里,Donghua Vil.,A,63000,A16,63000120,,Beitou District,88833.33333333333,13858.0,3233.5333333333333,461.93333333333334,4308.798512422365,615.5426446317664,18466.279338952994
63000110039,臺北市,士林區,天和里,Tianhe Vil.,A,63000,A15,63000110,,Shilin District,197333.33333333334,30784.0,7182.933333333333,1026.1333333333334,4348.528707277701,621.2183867539572,18636.551602618718
63000120018,臺北市,北投區,八仙里,Baxian Vil.,A,63000,A16,63000120,,Beitou District,89333.33333333333,13936.0,3251.7333333333336,464.53333333333336,4412.902942725665,630.4147061036664,18912.44118310999
63000120010,臺北市,北投區,永欣里,Yongxin Vil.,A,63000,A16,63000120,,Beitou District,169916.66666666666,26507.0,6184.966666666667,883.5666666666667,4327.498224328075,618.2140320468678,18546.420961406035
63000120021,臺北市,北投區,清江里,Qingjiang Vil.,A,63000,A16,63000120,,Beitou District,77166.66666666667,12038.0,2808.866666666667,401.26666666666665,4321.274972668304,617.324996095472,18519.74988286416
63000120022,臺北市,北投區,中央里,Zhongyang Vil.,A,63000,A16,63000120,,Beitou District,93416.66666666667,14573.0,3400.366666666667,485.76666666666665,4321.405741841618,617.3436774059454,18520.31032217836
63000110032,臺北市,士林區,東山里,Dongshan Vil.,A,63000,A15,63000110,,Shilin District,164666.66666666666,25688.0,5993.866666666667,856.2666666666667,5993.866666666667,856.2666666666667,25688.0
63000120024,臺北市,北投區,大同里,Datong Vil.,A,63000,A16,63000120,,Beitou District,89833.33333333333,14014.0,3269.9333333333334,467.1333333333333,4324.667746704332,617.8096781006188,18534.290343018565
63000120020,臺北市,北投區,奇岩里,Qiyan Vil.,A,63000,A16,63000120,,Beitou District,113166.66666666667,17654.0,4119.266666666666,588.4666666666667,4332.084984398082,618.8692834854403,18566.078504563207
63000120025,臺北市,北投區,溫泉里,Wenquan Vil.,A,63000,A16,63000120,,Beitou District,90416.66666666667,14105.0,3291.166666666667,470.1666666666667,4381.404316409998,625.9149023442853,18777.44707032856
63000120023,臺北市,北投區,長安里,Chang'an Vil.,A,63000,A16,63000120,,Beitou District,81333.33333333333,12688.0,2960.5333333333333,422.93333333333334,4364.589916863187,623.5128452661695,18705.385357985084
63000110045,臺北市,士林區,新安里,Xin'an Vil.,A,63000,A15,63000110,,Shilin District,482083.3333333333,75205.0,17547.833333333332,2506.8333333333335,17547.833333333332,2506.8333333333335,75205.0
63000120034,臺北市,北投區,豐年里,Fengnian Vil.,A,63000,A16,63000120,,Beitou District,69666.66666666667,10868.0,2535.866666666667,362.26666666666665,4290.06646520885,612.8666378869785,18385.999136609356
63000120028,臺北市,北投區,中庸里,Zhongyong Vil.,A,63000,A16,63000120,,Beitou District,73333.33333333333,11440.0,2669.3333333333335,381.3333333333333,4379.347320882165,625.6210458403093,18768.63137520928
63000110044,臺北市,士林區,公館里,Gongguan Vil.,A,63000,A15,63000110,,Shilin District,150833.33333333334,23530.0,5490.333333333334,784.3333333333334,5490.333333333334,784.3333333333334,23530.0
63000120037,臺北市,北投區,一德里,Yide Vil.,A,63000,A16,63000120,,Beitou District,83000.0,12948.0,3021.2000000000003,431.6,4365.996068683477,623.7137240976396,18711.411722929184
63000110042,臺北市,士林區,天母里,Tianmu Vil.,A,63000,A15,63000110,,Shilin District,248250.0,38727.0,9036.300000000001,1290.9,9036.300000000001,1290.9,38727.0
63000120009,臺北市,北投區,永和里,Yonghe Vil.,A,63000,A16,63000120,,Beitou District,135083.33333333334,21073.0,4917.033333333334,702.4333333333333,4323.31515063939,617.6164500913413,18528.493502740243
63000120026,臺北市,北投區,林泉里,Linquan Vil.,A,63000,A16,63000120,,Beitou District,90916.66666666667,14183.0,3309.366666666667,472.76666666666665,4444.435513137258,634.9193590196082,19047.580770588247
63000120033,臺北市,北投區,文化里,Wenhua Vil.,A,63000,A16,63000120,,Beitou District,92333.33333333333,14404.0,3360.9333333333334,480.1333333333333,4304.929689385428,614.9899556264897,18449.698668794692
63000120031,臺北市,北投區,智仁里,Zhiren Vil.,A,63000,A16,63000120,,Beitou District,73500.0,11466.0,2675.4,382.2,4352.469814397509,621.781402056787,18653.442061703612
63000120036,臺北市,北投區,桃源里,Taoyuan Vil.,A,63000,A16,63000120,,Beitou District,81166.66666666667,12662.0,2954.4666666666667,422.06666666666666,4259.229315454085,608.461330779155,18253.83992337465
63000120027,臺北市,北投區,中心里,Zhongxin Vil.,A,63000,A16,63000120,,Beitou District,94583.33333333333,14755.0,3442.8333333333335,491.8333333333333,4443.899883803208,634.8428405433153,19045.28521629946
63000120030,臺北市,北投區,中和里,Zhonghe Vil.,A,63000,A16,63000120,,Beitou District,91583.33333333333,14287.0,3333.633333333333,476.23333333333335,4425.097606050584,632.1568008643691,18964.70402593107
63000120029,臺北市,北投區,開明里,Kaiming Vil.,A,63000,A16,63000120,,Beitou District,125833.33333333333,19630.0,4580.333333333333,654.3333333333334,4438.361827395749,634.0516896279642,19021.550688838925
63000120035,臺北市,北投區,稻香里,Daoxiang Vil.,A,63000,A16,63000120,,Beitou District,75666.66666666667,11804.0,2754.266666666667,393.46666666666664,4239.2040556432285,605.600579377604,18168.01738132812
63000110049,臺北市,士林區,溪山里,Xishan Vil.,A,63000,A15,63000110,,Shilin District,113250.0,17667.0,4122.3,588.9,4122.3,588.9,17667.0
63000110046,臺北市,士林區,陽明里,Yangming Vil.,A,63000,A15,63000110,,Shilin District,186000.0,29016.0,6770.400000000001,967.2,6770.400000000001,967.2,29016.0
63000120032,臺北市,北投區,秀山里,Xiushan Vil.,A,63000,A16,63000120,,Beitou District,72000.0,11232.0,2620.8,374.4,4239.2040556432285,605.600579377604,18168.01738132812
63000120040,臺北市,北投區,湖山里,Hushan Vil.,A,63000,A16,63000120,,Beitou District,109833.33333333333,17134.0,3997.9333333333334,571.1333333333333,3997.9333333333334,571.1333333333333,17134.0
63000120039,臺北市,北投區,泉源里,Quanyuan Vil.,A,63000,A16,63000120,,Beitou District,88000.0,13728.0,3203.2000000000003,457.6,4446.897277339111,635.2710396198729,19058.131188596188
63000110048,臺北市,士林區,平等里,Pingdeng Vil.,A,63000,A15,63000110,,Shilin District,83500.0,13026.0,3039.4,434.2,3039.4,434.2,13026.0
63000120041,臺北市,北投區,大屯里,Datun Vil.,A,63000,A16,63000120,,Beitou District,140666.66666666666,21944.0,5120.266666666666,731.4666666666667,5120.266666666666,731.4666666666667,21944.0
63000110047,臺北市,士林區,菁山里,Jingshan Vil.,A,63000,A15,63000110,,Shilin District,508666.6666666667,79352.0,18515.466666666667,2645.0666666666666,18515.466666666667,2645.0666666666666,79352.0
63000120042,臺北市,北投區,湖田里,Hutian Vil.,A,63000,A16,63000120,,Beitou District,98250.0,15327.0,3576.3,510.9,3576.3,510.9,15327.0
